product_id,general_id,sku,product_name,price,size,color,description,image_list,url
55462,elise_55462,FF2310120DIWORD,ĐẦM GẤM VÂN SÓNG ĐỎ NƠ VAI,2.998.000 VND,"['S', 'M']",,,"{'001_ĐẦM GẤM VÂN SÓNG ĐỎ NƠ VAI': 'https://elise.vn/media/catalog/product/cache/bb52e54e5ec1828d48ae8bf7c98f9f69/f/f/ff2310120diword11.jpg', '002_ĐẦM GẤM VÂN SÓNG ĐỎ NƠ VAI': 'https://elise.vn/media/catalog/product/cache/bb52e54e5ec1828d48ae8bf7c98f9f69/f/f/ff2310120diword12.jpg', '003_ĐẦM GẤM VÂN SÓNG ĐỎ NƠ VAI': 'https://elise.vn/media/catalog/product/cache/bb52e54e5ec1828d48ae8bf7c98f9f69/f/f/ff2310120diword14.jpg', '004_ĐẦM GẤM VÂN SÓNG ĐỎ NƠ VAI': 'https://elise.vn/media/catalog/product/cache/bb52e54e5ec1828d48ae8bf7c98f9f69/f/f/ff2310120diword13.jpg'}",
55287,elise_55287,FF2309040BKDEBL,CHÂN VÁY JEANS ĐUÔI CÁ DIỄU CHỈ,1.198.000 VND,"['S', 'M', 'L']",,,"{'001_CHÂN VÁY JEANS ĐUÔI CÁ DIỄU CHỈ': 'https://elise.vn/media/catalog/product/cache/bb52e54e5ec1828d48ae8bf7c98f9f69/f/f/ff2309040bkdebl.jpg', '002_CHÂN VÁY JEANS ĐUÔI CÁ DIỄU CHỈ': 'https://elise.vn/media/catalog/product/cache/bb52e54e5ec1828d48ae8bf7c98f9f69/f/f/ff2309040bkdebl2.jpg', '003_CHÂN VÁY JEANS ĐUÔI CÁ DIỄU CHỈ': 'https://elise.vn/media/catalog/product/cache/bb52e54e5ec1828d48ae8bf7c98f9f69/f/f/ff2309040bkdebl1.jpg', '004_CHÂN VÁY JEANS ĐUÔI CÁ DIỄU CHỈ': 'https://elise.vn/media/catalog/product/cache/bb52e54e5ec1828d48ae8bf7c98f9f69/f/f/ff2309040bkdebl3.jpg'}",
55257,elise_55257,FS2305332BPDEWH,QUẦN JEANS TRẮNG ỐNG LOE RUA GẤU,1.098.000 VND,"['S', 'M', 'L']",,,"{'001_QUẦN JEANS TRẮNG ỐNG LOE RUA GẤU': 'https://elise.vn/media/catalog/product/cache/bb52e54e5ec1828d48ae8bf7c98f9f69/f/s/fs2305332bpdewh3.jpg', '002_QUẦN JEANS TRẮNG ỐNG LOE RUA GẤU': 'https://elise.vn/media/catalog/product/cache/bb52e54e5ec1828d48ae8bf7c98f9f69/f/s/fs2305332bpdewh1.jpg', '003_QUẦN JEANS TRẮNG ỐNG LOE RUA GẤU': 'https://elise.vn/media/catalog/product/cache/bb52e54e5ec1828d48ae8bf7c98f9f69/f/s/fs2305332bpdewh.jpg', '004_QUẦN JEANS TRẮNG ỐNG LOE RUA GẤU': 'https://elise.vn/media/catalog/product/cache/bb52e54e5ec1828d48ae8bf7c98f9f69/f/s/fs2305332bpdewh2.jpg'}",
55217,elise_55217,FF2309039BKDEBL,CHÂN VÁY JEANS A THÊU HOA,1.098.000 VND,"['S', 'M', 'L']",,,"{'001_CHÂN VÁY JEANS A THÊU HOA': 'https://elise.vn/media/catalog/product/cache/bb52e54e5ec1828d48ae8bf7c98f9f69/f/f/ff2309039bkdebl4.jpg', '002_CHÂN VÁY JEANS A THÊU HOA': 'https://elise.vn/media/catalog/product/cache/bb52e54e5ec1828d48ae8bf7c98f9f69/f/f/ff2309039bkdebl3.jpg', '003_CHÂN VÁY JEANS A THÊU HOA': 'https://elise.vn/media/catalog/product/cache/bb52e54e5ec1828d48ae8bf7c98f9f69/f/f/ff2309039bkdebl.jpg', '004_CHÂN VÁY JEANS A THÊU HOA': 'https://elise.vn/media/catalog/product/cache/bb52e54e5ec1828d48ae8bf7c98f9f69/f/f/ff2309039bkdebl2.jpg'}",
55207,elise_55207,FF2306144BPWOGR,QUẦN SUÔNG XANH GHI GẤU LƠ VÊ,1.198.000 VND,"['S', 'M', 'L']",,,"{'001_QUẦN SUÔNG XANH GHI GẤU LƠ VÊ': 'https://elise.vn/media/catalog/product/cache/bb52e54e5ec1828d48ae8bf7c98f9f69/f/f/ff2306144bpwogr4.jpg', '002_QUẦN SUÔNG XANH GHI GẤU LƠ VÊ': 'https://elise.vn/media/catalog/product/cache/bb52e54e5ec1828d48ae8bf7c98f9f69/f/f/ff2306144bpwogr3.jpg', '003_QUẦN SUÔNG XANH GHI GẤU LƠ VÊ': 'https://elise.vn/media/catalog/product/cache/bb52e54e5ec1828d48ae8bf7c98f9f69/f/f/ff2306144bpwogr2.jpg', '004_QUẦN SUÔNG XANH GHI GẤU LƠ VÊ': 'https://elise.vn/media/catalog/product/cache/bb52e54e5ec1828d48ae8bf7c98f9f69/f/f/ff2306144bpwogr1.jpg'}",
55202,elise_55202,FF2305017TLWOWH,SM THÔ TRẮNG DÀI TAY BUỘC NƠ CỔ,1.098.000 VND,"['S', 'M', 'L']",,,"{'001_SM THÔ TRẮNG DÀI TAY BUỘC NƠ CỔ': 'https://elise.vn/media/catalog/product/cache/bb52e54e5ec1828d48ae8bf7c98f9f69/f/f/ff2305017tlwowh1.jpg', '002_SM THÔ TRẮNG DÀI TAY BUỘC NƠ CỔ': 'https://elise.vn/media/catalog/product/cache/bb52e54e5ec1828d48ae8bf7c98f9f69/f/f/ff2305017tlwowh.jpg', '003_SM THÔ TRẮNG DÀI TAY BUỘC NƠ CỔ': 'https://elise.vn/media/catalog/product/cache/bb52e54e5ec1828d48ae8bf7c98f9f69/f/f/ff2305017tlwowh4.jpg', '004_SM THÔ TRẮNG DÀI TAY BUỘC NƠ CỔ': 'https://elise.vn/media/catalog/product/cache/bb52e54e5ec1828d48ae8bf7c98f9f69/f/f/ff2305017tlwowh2.jpg'}",
55197,elise_55197,FF2307221BPWOWH,QUẦN SUÔNG TWEED TRẮNG NGÀ CẠP LIỀN,1.198.000 VND,"['M', 'L']",,,"{'001_QUẦN SUÔNG TWEED TRẮNG NGÀ CẠP LIỀN': 'https://elise.vn/media/catalog/product/cache/bb52e54e5ec1828d48ae8bf7c98f9f69/f/f/ff2307221bpwowh.jpg', '002_QUẦN SUÔNG TWEED TRẮNG NGÀ CẠP LIỀN': 'https://elise.vn/media/catalog/product/cache/bb52e54e5ec1828d48ae8bf7c98f9f69/f/f/ff2307221bpwowh4.jpg', '003_QUẦN SUÔNG TWEED TRẮNG NGÀ CẠP LIỀN': 'https://elise.vn/media/catalog/product/cache/bb52e54e5ec1828d48ae8bf7c98f9f69/f/f/ff2307221bpwowh2.jpg', '004_QUẦN SUÔNG TWEED TRẮNG NGÀ CẠP LIỀN': 'https://elise.vn/media/catalog/product/cache/bb52e54e5ec1828d48ae8bf7c98f9f69/f/f/ff2307221bpwowh1.jpg'}",
54835,elise_54835,FF2307011TUWOCR,VEST KEM BỔ CƠI TÚI,2.298.000 VND,"['S', 'M', 'L']",,,"{'001_VEST KEM BỔ CƠI TÚI': 'https://elise.vn/media/catalog/product/cache/bb52e54e5ec1828d48ae8bf7c98f9f69/f/f/ff2307011tuwocr10.jpg', '002_VEST KEM BỔ CƠI TÚI': 'https://elise.vn/media/catalog/product/cache/bb52e54e5ec1828d48ae8bf7c98f9f69/f/f/ff2307011tuwocr12.jpg', '003_VEST KEM BỔ CƠI TÚI': 'https://elise.vn/media/catalog/product/cache/bb52e54e5ec1828d48ae8bf7c98f9f69/f/f/ff2307011tuwocr11.jpg', '004_VEST KEM BỔ CƠI TÚI': 'https://elise.vn/media/catalog/product/cache/bb52e54e5ec1828d48ae8bf7c98f9f69/f/f/ff2307011tuwocr13.jpg'}",
54815,elise_54815,FF2306096BKWOBE,JUPE TWEED BE CAN CHÉO,1.198.000 VND,"['S', 'M', 'L']",,,"{'001_JUPE TWEED BE CAN CHÉO': 'https://elise.vn/media/catalog/product/cache/bb52e54e5ec1828d48ae8bf7c98f9f69/f/f/ff2306096bkwobe10.jpg', '002_JUPE TWEED BE CAN CHÉO': 'https://elise.vn/media/catalog/product/cache/bb52e54e5ec1828d48ae8bf7c98f9f69/f/f/ff2306096bkwobe11.jpg', '003_JUPE TWEED BE CAN CHÉO': 'https://elise.vn/media/catalog/product/cache/bb52e54e5ec1828d48ae8bf7c98f9f69/f/f/ff2306096bkwobe12.jpg', '004_JUPE TWEED BE CAN CHÉO': 'https://elise.vn/media/catalog/product/cache/bb52e54e5ec1828d48ae8bf7c98f9f69/f/f/ff2306096bkwobe13.jpg'}",
54810,elise_54810,FF2306097TLWOBE,SM TWEED BE CỔ ĐỨC TÚI NGỰC,1.298.000 VND,"['S', 'M', 'L']",,,"{'001_SM TWEED BE CỔ ĐỨC TÚI NGỰC': 'https://elise.vn/media/catalog/product/cache/bb52e54e5ec1828d48ae8bf7c98f9f69/f/f/ff2306097tlwobe12.jpg', '002_SM TWEED BE CỔ ĐỨC TÚI NGỰC': 'https://elise.vn/media/catalog/product/cache/bb52e54e5ec1828d48ae8bf7c98f9f69/f/f/ff2306097tlwobe11.jpg', '003_SM TWEED BE CỔ ĐỨC TÚI NGỰC': 'https://elise.vn/media/catalog/product/cache/bb52e54e5ec1828d48ae8bf7c98f9f69/f/f/ff2306097tlwobe13.jpg', '004_SM TWEED BE CỔ ĐỨC TÚI NGỰC': 'https://elise.vn/media/catalog/product/cache/bb52e54e5ec1828d48ae8bf7c98f9f69/f/f/ff2306097tlwobe10.jpg'}",
54661,elise_54661,FF2306277BKLAPW,JUPE REN TRẮNG HT QUẢ TRÁM,1.198.000 VND,"['S', 'M', 'L']",,,"{'001_JUPE REN TRẮNG HT QUẢ TRÁM': 'https://elise.vn/media/catalog/product/cache/bb52e54e5ec1828d48ae8bf7c98f9f69/f/f/ff2306277bklapw.jpg', '002_JUPE REN TRẮNG HT QUẢ TRÁM': 'https://elise.vn/media/catalog/product/cache/bb52e54e5ec1828d48ae8bf7c98f9f69/f/f/ff2306277bklapw1.jpg', '003_JUPE REN TRẮNG HT QUẢ TRÁM': 'https://elise.vn/media/catalog/product/cache/bb52e54e5ec1828d48ae8bf7c98f9f69/f/f/ff2306277bklapw4.jpg', '004_JUPE REN TRẮNG HT QUẢ TRÁM': 'https://elise.vn/media/catalog/product/cache/bb52e54e5ec1828d48ae8bf7c98f9f69/f/f/ff2306277bklapw3.jpg', '005_JUPE REN TRẮNG HT QUẢ TRÁM': 'https://elise.vn/media/catalog/product/cache/bb52e54e5ec1828d48ae8bf7c98f9f69/f/f/ff2306277bklapw2.jpg'}",
54656,elise_54656,FF2307030TLLAPW,SM REN TRẮNG HT QUẢ TRÁM ĐÍNH HOA CỔ,1.298.000 VND,"['M', 'L']",,,"{'001_SM REN TRẮNG HT QUẢ TRÁM ĐÍNH HOA CỔ': 'https://elise.vn/media/catalog/product/cache/bb52e54e5ec1828d48ae8bf7c98f9f69/f/f/ff2307030tllapw.jpg', '002_SM REN TRẮNG HT QUẢ TRÁM ĐÍNH HOA CỔ': 'https://elise.vn/media/catalog/product/cache/bb52e54e5ec1828d48ae8bf7c98f9f69/f/f/ff2307030tllapw2.jpg', '003_SM REN TRẮNG HT QUẢ TRÁM ĐÍNH HOA CỔ': 'https://elise.vn/media/catalog/product/cache/bb52e54e5ec1828d48ae8bf7c98f9f69/f/f/ff2307030tllapw4.jpg', '004_SM REN TRẮNG HT QUẢ TRÁM ĐÍNH HOA CỔ': 'https://elise.vn/media/catalog/product/cache/bb52e54e5ec1828d48ae8bf7c98f9f69/f/f/ff2307030tllapw3.jpg', '005_SM REN TRẮNG HT QUẢ TRÁM ĐÍNH HOA CỔ': 'https://elise.vn/media/catalog/product/cache/bb52e54e5ec1828d48ae8bf7c98f9f69/f/f/ff2307030tllapw1.jpg'}",
54616,elise_54616,FW2305179TLORBK,SM TƠ ĐEN NƠ CỔ ĐÈ REN PK,1.198.000 VND,"['S', 'M', 'L']",,,{'001_SM TƠ ĐEN NƠ CỔ ĐÈ REN PK': 'https://elise.vn/media/catalog/product/cache/bb52e54e5ec1828d48ae8bf7c98f9f69/f/w/fw2305179tlorbk.jpg'},
54566,elise_54566,FF2307139DIWOWH,ĐẦM XỐP TRẮNG KẺ Ô VUÔNG XẾP LY NGỰC,2.298.000 VND,"['S', 'M', 'L']",,,"{'001_ĐẦM XỐP TRẮNG KẺ Ô VUÔNG XẾP LY NGỰC': 'https://elise.vn/media/catalog/product/cache/bb52e54e5ec1828d48ae8bf7c98f9f69/f/f/ff2307139diwowh1.jpg', '002_ĐẦM XỐP TRẮNG KẺ Ô VUÔNG XẾP LY NGỰC': 'https://elise.vn/media/catalog/product/cache/bb52e54e5ec1828d48ae8bf7c98f9f69/f/f/ff2307139diwowh.jpg', '003_ĐẦM XỐP TRẮNG KẺ Ô VUÔNG XẾP LY NGỰC': 'https://elise.vn/media/catalog/product/cache/bb52e54e5ec1828d48ae8bf7c98f9f69/f/f/ff2307139diwowh3.jpg', '004_ĐẦM XỐP TRẮNG KẺ Ô VUÔNG XẾP LY NGỰC': 'https://elise.vn/media/catalog/product/cache/bb52e54e5ec1828d48ae8bf7c98f9f69/f/f/ff2307139diwowh2.jpg'}",
54451,elise_54451,FF2307017BPWOBR,QUẦN SUÔNG NÂU LY GIỮA TÚI CHÉO,1.198.000 VND,"['M', 'L']",,,"{'001_QUẦN SUÔNG NÂU LY GIỮA TÚI CHÉO': 'https://elise.vn/media/catalog/product/cache/bb52e54e5ec1828d48ae8bf7c98f9f69/f/f/ff2307017bpwobr3.jpg', '002_QUẦN SUÔNG NÂU LY GIỮA TÚI CHÉO': 'https://elise.vn/media/catalog/product/cache/bb52e54e5ec1828d48ae8bf7c98f9f69/f/f/ff2307017bpwobr4.jpg', '003_QUẦN SUÔNG NÂU LY GIỮA TÚI CHÉO': 'https://elise.vn/media/catalog/product/cache/bb52e54e5ec1828d48ae8bf7c98f9f69/f/f/ff2307017bpwobr2.jpg', '004_QUẦN SUÔNG NÂU LY GIỮA TÚI CHÉO': 'https://elise.vn/media/catalog/product/cache/bb52e54e5ec1828d48ae8bf7c98f9f69/f/f/ff2307017bpwobr1.jpg', '005_QUẦN SUÔNG NÂU LY GIỮA TÚI CHÉO': 'https://elise.vn/media/catalog/product/cache/bb52e54e5ec1828d48ae8bf7c98f9f69/f/f/ff2307017bpwobr.jpg'}",
53842,elise_53842,FF2307389BKWOBE,JUPE BE VÂN XƯỚC ĐÍNH CÚC ĐAI CẠP,1.098.000 VND,"['S', 'M', 'L']",,,"{'001_JUPE BE VÂN XƯỚC ĐÍNH CÚC ĐAI CẠP': 'https://elise.vn/media/catalog/product/cache/bb52e54e5ec1828d48ae8bf7c98f9f69/f/f/ff2307389bkwobe2.jpg', '002_JUPE BE VÂN XƯỚC ĐÍNH CÚC ĐAI CẠP': 'https://elise.vn/media/catalog/product/cache/bb52e54e5ec1828d48ae8bf7c98f9f69/f/f/ff2307389bkwobe3.jpg', '003_JUPE BE VÂN XƯỚC ĐÍNH CÚC ĐAI CẠP': 'https://elise.vn/media/catalog/product/cache/bb52e54e5ec1828d48ae8bf7c98f9f69/f/f/ff2307389bkwobe1.jpg', '004_JUPE BE VÂN XƯỚC ĐÍNH CÚC ĐAI CẠP': 'https://elise.vn/media/catalog/product/cache/bb52e54e5ec1828d48ae8bf7c98f9f69/f/f/ff2307389bkwobe.jpg'}",
53721,elise_53721,FF2306135BKWOBR,JUPE KT NÂU VÀNG DẬP LY PHỦ TÀ,1.298.000 VND,"['S', 'M', 'L']",,,"{'001_JUPE KT NÂU VÀNG DẬP LY PHỦ TÀ': 'https://elise.vn/media/catalog/product/cache/bb52e54e5ec1828d48ae8bf7c98f9f69/f/f/ff2306135bkwobr1.jpg', '002_JUPE KT NÂU VÀNG DẬP LY PHỦ TÀ': 'https://elise.vn/media/catalog/product/cache/bb52e54e5ec1828d48ae8bf7c98f9f69/f/f/ff2306135bkwobr.jpg', '003_JUPE KT NÂU VÀNG DẬP LY PHỦ TÀ': 'https://elise.vn/media/catalog/product/cache/bb52e54e5ec1828d48ae8bf7c98f9f69/f/f/ff2306135bkwobr3.jpg', '004_JUPE KT NÂU VÀNG DẬP LY PHỦ TÀ': 'https://elise.vn/media/catalog/product/cache/bb52e54e5ec1828d48ae8bf7c98f9f69/f/f/ff2306135bkwobr2.jpg'}",
53641,elise_53641,FF2306365BPWOBK,QUẦN TWEED MỎNG ĐEN TÚI SAU,1.298.000 VND,"['S', 'M', 'L']",,,"{'001_QUẦN TWEED MỎNG ĐEN TÚI SAU': 'https://elise.vn/media/catalog/product/cache/bb52e54e5ec1828d48ae8bf7c98f9f69/f/f/ff2306365bpwobk.jpg', '002_QUẦN TWEED MỎNG ĐEN TÚI SAU': 'https://elise.vn/media/catalog/product/cache/bb52e54e5ec1828d48ae8bf7c98f9f69/f/f/ff2306365bpwobk2.jpg', '003_QUẦN TWEED MỎNG ĐEN TÚI SAU': 'https://elise.vn/media/catalog/product/cache/bb52e54e5ec1828d48ae8bf7c98f9f69/f/f/ff2306365bpwobk3.jpg', '004_QUẦN TWEED MỎNG ĐEN TÚI SAU': 'https://elise.vn/media/catalog/product/cache/bb52e54e5ec1828d48ae8bf7c98f9f69/f/f/ff2306365bpwobk1.jpg'}",
53636,elise_53636,FF2306142TLORBK,SM TƠ ĐEN DÂY CỔ,1.198.000 VND,"['S', 'M', 'L']",,,"{'001_SM TƠ ĐEN DÂY CỔ': 'https://elise.vn/media/catalog/product/cache/bb52e54e5ec1828d48ae8bf7c98f9f69/f/f/ff2306142tlorbk2.jpg', '002_SM TƠ ĐEN DÂY CỔ': 'https://elise.vn/media/catalog/product/cache/bb52e54e5ec1828d48ae8bf7c98f9f69/f/f/ff2306142tlorbk1.jpg', '003_SM TƠ ĐEN DÂY CỔ': 'https://elise.vn/media/catalog/product/cache/bb52e54e5ec1828d48ae8bf7c98f9f69/f/f/ff2306142tlorbk3.jpg', '004_SM TƠ ĐEN DÂY CỔ': 'https://elise.vn/media/catalog/product/cache/bb52e54e5ec1828d48ae8bf7c98f9f69/f/f/ff2306142tlorbk.jpg'}",
53571,elise_53571,FS2305140TNLAWH,ÁO CÚP NGỰC REN CHỈ TRẮNG,998.000 VND,"['S', 'M', 'L']",,,"{'001_ÁO CÚP NGỰC REN CHỈ TRẮNG': 'https://elise.vn/media/catalog/product/cache/bb52e54e5ec1828d48ae8bf7c98f9f69/f/s/fs2305140tnlawh1.jpg', '002_ÁO CÚP NGỰC REN CHỈ TRẮNG': 'https://elise.vn/media/catalog/product/cache/bb52e54e5ec1828d48ae8bf7c98f9f69/f/s/fs2305140tnlawh3.jpg', '003_ÁO CÚP NGỰC REN CHỈ TRẮNG': 'https://elise.vn/media/catalog/product/cache/bb52e54e5ec1828d48ae8bf7c98f9f69/f/s/fs2305140tnlawh2.jpg', '004_ÁO CÚP NGỰC REN CHỈ TRẮNG': 'https://elise.vn/media/catalog/product/cache/bb52e54e5ec1828d48ae8bf7c98f9f69/f/s/fs2305140tnlawh.jpg'}",
53491,elise_53491,FF2307240BKDEWH,CV JEANS TRẮNG RUA GẤU,1.098.000 VND,"['S', 'M', 'L']",,,"{'001_CV JEANS TRẮNG RUA GẤU': 'https://elise.vn/media/catalog/product/cache/bb52e54e5ec1828d48ae8bf7c98f9f69/f/f/ff2307240bkdewh2.jpg', '002_CV JEANS TRẮNG RUA GẤU': 'https://elise.vn/media/catalog/product/cache/bb52e54e5ec1828d48ae8bf7c98f9f69/f/f/ff2307240bkdewh.jpg', '003_CV JEANS TRẮNG RUA GẤU': 'https://elise.vn/media/catalog/product/cache/bb52e54e5ec1828d48ae8bf7c98f9f69/f/f/ff2307240bkdewh1.jpg', '004_CV JEANS TRẮNG RUA GẤU': 'https://elise.vn/media/catalog/product/cache/bb52e54e5ec1828d48ae8bf7c98f9f69/f/f/ff2307240bkdewh3.jpg'}",
53461,elise_53461,FF2305220BKDEBL,CHÂN VÁY JEANS XANH XẺ TRƯỚC,1.198.000 VND,"['S', 'M', 'L']",,,"{'001_CHÂN VÁY JEANS XANH XẺ TRƯỚC': 'https://elise.vn/media/catalog/product/cache/bb52e54e5ec1828d48ae8bf7c98f9f69/f/f/ff2305220bkdebl3.jpg', '002_CHÂN VÁY JEANS XANH XẺ TRƯỚC': 'https://elise.vn/media/catalog/product/cache/bb52e54e5ec1828d48ae8bf7c98f9f69/f/f/ff2305220bkdebl.jpg', '003_CHÂN VÁY JEANS XANH XẺ TRƯỚC': 'https://elise.vn/media/catalog/product/cache/bb52e54e5ec1828d48ae8bf7c98f9f69/f/f/ff2305220bkdebl1.jpg', '004_CHÂN VÁY JEANS XANH XẺ TRƯỚC': 'https://elise.vn/media/catalog/product/cache/bb52e54e5ec1828d48ae8bf7c98f9f69/f/f/ff2305220bkdebl2.jpg'}",
53451,elise_53451,FF2305219TLDEBL,ÁO JEANS XANH ĐAI GẤU,1.698.000 VND,"['S', 'M']",,,"{'001_ÁO JEANS XANH ĐAI GẤU': 'https://elise.vn/media/catalog/product/cache/bb52e54e5ec1828d48ae8bf7c98f9f69/f/f/ff2305219tldebl2.jpg', '002_ÁO JEANS XANH ĐAI GẤU': 'https://elise.vn/media/catalog/product/cache/bb52e54e5ec1828d48ae8bf7c98f9f69/f/f/ff2305219tldebl3.jpg', '003_ÁO JEANS XANH ĐAI GẤU': 'https://elise.vn/media/catalog/product/cache/bb52e54e5ec1828d48ae8bf7c98f9f69/f/f/ff2305219tldebl.jpg', '004_ÁO JEANS XANH ĐAI GẤU': 'https://elise.vn/media/catalog/product/cache/bb52e54e5ec1828d48ae8bf7c98f9f69/f/f/ff2305219tldebl1.jpg'}",
53441,elise_53441,FF2307239BPDEWH,QUẦN JEANS TRẮNG ỐNG SUÔNG,1.098.000 VND,"['S', 'M', 'L']",,,"{'001_QUẦN JEANS TRẮNG ỐNG SUÔNG': 'https://elise.vn/media/catalog/product/cache/bb52e54e5ec1828d48ae8bf7c98f9f69/f/f/ff2307239bpdewh20.jpg', '002_QUẦN JEANS TRẮNG ỐNG SUÔNG': 'https://elise.vn/media/catalog/product/cache/bb52e54e5ec1828d48ae8bf7c98f9f69/f/f/ff2307239bpdewh10.jpg', '003_QUẦN JEANS TRẮNG ỐNG SUÔNG': 'https://elise.vn/media/catalog/product/cache/bb52e54e5ec1828d48ae8bf7c98f9f69/f/f/ff2307239bpdewh22.jpg', '004_QUẦN JEANS TRẮNG ỐNG SUÔNG': 'https://elise.vn/media/catalog/product/cache/bb52e54e5ec1828d48ae8bf7c98f9f69/f/f/ff2307239bpdewh21.jpg'}",
53431,elise_53431,FF2307254BKDEBL,CV JEANS XANH TÚI ỐP,998.000 VND,"['S', 'M', 'L']",,,"{'001_CV JEANS XANH TÚI ỐP': 'https://elise.vn/media/catalog/product/cache/bb52e54e5ec1828d48ae8bf7c98f9f69/f/f/ff2307254bkdebl.jpg', '002_CV JEANS XANH TÚI ỐP': 'https://elise.vn/media/catalog/product/cache/bb52e54e5ec1828d48ae8bf7c98f9f69/f/f/ff2307254bkdebl1.jpg', '003_CV JEANS XANH TÚI ỐP': 'https://elise.vn/media/catalog/product/cache/bb52e54e5ec1828d48ae8bf7c98f9f69/f/f/ff2307254bkdebl2.jpg', '004_CV JEANS XANH TÚI ỐP': 'https://elise.vn/media/catalog/product/cache/bb52e54e5ec1828d48ae8bf7c98f9f69/f/f/ff2307254bkdebl3.jpg'}",
53426,elise_53426,FW2307238BPDEBK,QUẦN JEANS SKINNY ĐEN,998.000 VND,"['S', 'M', 'L']",,,"{'001_QUẦN JEANS SKINNY ĐEN': 'https://elise.vn/media/catalog/product/cache/bb52e54e5ec1828d48ae8bf7c98f9f69/f/w/fw2307238bpdebk2.jpg', '002_QUẦN JEANS SKINNY ĐEN': 'https://elise.vn/media/catalog/product/cache/bb52e54e5ec1828d48ae8bf7c98f9f69/f/w/fw2307238bpdebk1.jpg', '003_QUẦN JEANS SKINNY ĐEN': 'https://elise.vn/media/catalog/product/cache/bb52e54e5ec1828d48ae8bf7c98f9f69/f/w/fw2307238bpdebk.jpg', '004_QUẦN JEANS SKINNY ĐEN': 'https://elise.vn/media/catalog/product/cache/bb52e54e5ec1828d48ae8bf7c98f9f69/f/w/fw2307238bpdebk3.jpg'}",
53421,elise_53421,FF2306343BPDEBL,QUẦN JEANS XANH ỐNG LOE XẺ GẤU,1.098.000 VND,"['M', 'L']",,,"{'001_QUẦN JEANS XANH ỐNG LOE XẺ GẤU': 'https://elise.vn/media/catalog/product/cache/bb52e54e5ec1828d48ae8bf7c98f9f69/f/f/ff2306343bpdebl.jpg', '002_QUẦN JEANS XANH ỐNG LOE XẺ GẤU': 'https://elise.vn/media/catalog/product/cache/bb52e54e5ec1828d48ae8bf7c98f9f69/f/f/ff2306343bpdebl1.jpg', '003_QUẦN JEANS XANH ỐNG LOE XẺ GẤU': 'https://elise.vn/media/catalog/product/cache/bb52e54e5ec1828d48ae8bf7c98f9f69/f/f/ff2306343bpdebl3.jpg', '004_QUẦN JEANS XANH ỐNG LOE XẺ GẤU': 'https://elise.vn/media/catalog/product/cache/bb52e54e5ec1828d48ae8bf7c98f9f69/f/f/ff2306343bpdebl2.jpg'}",
53416,elise_53416,FF2306342BPDEBK,QUẦN JEANS ĐEN CẠP XẾP BÈO,1.098.000 VND,"['S', 'M', 'L']",,,"{'001_QUẦN JEANS ĐEN CẠP XẾP BÈO': 'https://elise.vn/media/catalog/product/cache/bb52e54e5ec1828d48ae8bf7c98f9f69/f/f/ff2306342bpdebk.jpg', '002_QUẦN JEANS ĐEN CẠP XẾP BÈO': 'https://elise.vn/media/catalog/product/cache/bb52e54e5ec1828d48ae8bf7c98f9f69/f/f/ff2306342bpdebk1.jpg', '003_QUẦN JEANS ĐEN CẠP XẾP BÈO': 'https://elise.vn/media/catalog/product/cache/bb52e54e5ec1828d48ae8bf7c98f9f69/f/f/ff2306342bpdebk3.jpg', '004_QUẦN JEANS ĐEN CẠP XẾP BÈO': 'https://elise.vn/media/catalog/product/cache/bb52e54e5ec1828d48ae8bf7c98f9f69/f/f/ff2306342bpdebk2.jpg'}",
53411,elise_53411,FF2307012BPWOCR,QUẦN SUÔNG KEM CẠP LIỀN KÈM ĐAI,1.398.000 VND,"['S', 'M', 'L']",,,"{'001_QUẦN SUÔNG KEM CẠP LIỀN KÈM ĐAI': 'https://elise.vn/media/catalog/product/cache/bb52e54e5ec1828d48ae8bf7c98f9f69/f/f/ff2307012bpwocr1.jpg', '002_QUẦN SUÔNG KEM CẠP LIỀN KÈM ĐAI': 'https://elise.vn/media/catalog/product/cache/bb52e54e5ec1828d48ae8bf7c98f9f69/f/f/ff2307012bpwocr2.jpg', '003_QUẦN SUÔNG KEM CẠP LIỀN KÈM ĐAI': 'https://elise.vn/media/catalog/product/cache/bb52e54e5ec1828d48ae8bf7c98f9f69/f/f/ff2307012bpwocr3.jpg', '004_QUẦN SUÔNG KEM CẠP LIỀN KÈM ĐAI': 'https://elise.vn/media/catalog/product/cache/bb52e54e5ec1828d48ae8bf7c98f9f69/f/f/ff2307012bpwocr.jpg'}",
53361,elise_53361,FS2302054TNWOBK,SM CHIFFON ĐEN CHẠY BÈO VAI,1.098.000 VND,"['S', 'M', 'L']",,,"{'001_SM CHIFFON ĐEN CHẠY BÈO VAI': 'https://elise.vn/media/catalog/product/cache/bb52e54e5ec1828d48ae8bf7c98f9f69/f/s/fs2302054tnwobk.jpg', '002_SM CHIFFON ĐEN CHẠY BÈO VAI': 'https://elise.vn/media/catalog/product/cache/bb52e54e5ec1828d48ae8bf7c98f9f69/f/s/fs2302054tnwobk2.jpg', '003_SM CHIFFON ĐEN CHẠY BÈO VAI': 'https://elise.vn/media/catalog/product/cache/bb52e54e5ec1828d48ae8bf7c98f9f69/f/s/fs2302054tnwobk3.jpg', '004_SM CHIFFON ĐEN CHẠY BÈO VAI': 'https://elise.vn/media/catalog/product/cache/bb52e54e5ec1828d48ae8bf7c98f9f69/f/s/fs2302054tnwobk1.jpg'}",
53176,elise_53176,FS2305244TSWOCR,SM SẠN TRẮNG KEM CỔ ĐỨC,1.198.000 VND,"['S', 'M', 'L']",,,"{'001_SM SẠN TRẮNG KEM CỔ ĐỨC': 'https://elise.vn/media/catalog/product/cache/bb52e54e5ec1828d48ae8bf7c98f9f69/f/s/fs2305244tswocr3.jpg', '002_SM SẠN TRẮNG KEM CỔ ĐỨC': 'https://elise.vn/media/catalog/product/cache/bb52e54e5ec1828d48ae8bf7c98f9f69/f/s/fs2305244tswocr4.jpg', '003_SM SẠN TRẮNG KEM CỔ ĐỨC': 'https://elise.vn/media/catalog/product/cache/bb52e54e5ec1828d48ae8bf7c98f9f69/f/s/fs2305244tswocr.jpg', '004_SM SẠN TRẮNG KEM CỔ ĐỨC': 'https://elise.vn/media/catalog/product/cache/bb52e54e5ec1828d48ae8bf7c98f9f69/f/s/fs2305244tswocr2.jpg'}",
52946,elise_52946,FF2306088BKWOCR,CV KEM DẬP LY ĐÍNH THANH LOGO,1.498.000 VND,"['S', 'M', 'L']",,,"{'001_CV KEM DẬP LY ĐÍNH THANH LOGO': 'https://elise.vn/media/catalog/product/cache/bb52e54e5ec1828d48ae8bf7c98f9f69/f/f/ff2306088bkwocr1.jpg', '002_CV KEM DẬP LY ĐÍNH THANH LOGO': 'https://elise.vn/media/catalog/product/cache/bb52e54e5ec1828d48ae8bf7c98f9f69/f/f/ff2306088bkwocr2.jpg', '003_CV KEM DẬP LY ĐÍNH THANH LOGO': 'https://elise.vn/media/catalog/product/cache/bb52e54e5ec1828d48ae8bf7c98f9f69/f/f/ff2306088bkwocr.jpg', '004_CV KEM DẬP LY ĐÍNH THANH LOGO': 'https://elise.vn/media/catalog/product/cache/bb52e54e5ec1828d48ae8bf7c98f9f69/f/f/ff2306088bkwocr3.jpg'}",
52846,elise_52846,FS2305105BSWOBL,QUẦN SOOC XANH PHỦ VẠT ĐÍNH CÚC,1.098.000 VND,"['S', 'M', 'L']",,,"{'001_QUẦN SOOC XANH PHỦ VẠT ĐÍNH CÚC': 'https://elise.vn/media/catalog/product/cache/bb52e54e5ec1828d48ae8bf7c98f9f69/f/s/fs2305105bswobl1.jpg', '002_QUẦN SOOC XANH PHỦ VẠT ĐÍNH CÚC': 'https://elise.vn/media/catalog/product/cache/bb52e54e5ec1828d48ae8bf7c98f9f69/f/s/fs2305105bswobl.jpg', '003_QUẦN SOOC XANH PHỦ VẠT ĐÍNH CÚC': 'https://elise.vn/media/catalog/product/cache/bb52e54e5ec1828d48ae8bf7c98f9f69/f/s/fs2305105bswobl3.jpg', '004_QUẦN SOOC XANH PHỦ VẠT ĐÍNH CÚC': 'https://elise.vn/media/catalog/product/cache/bb52e54e5ec1828d48ae8bf7c98f9f69/f/s/fs2305105bswobl2.jpg'}",
52836,elise_52836,FS2303221TSWOWH,SM THÔ TRẮNG XẾP DẬP LY NGỰC,1.098.000 VND,"['S', 'M', 'L']",,,"{'001_SM THÔ TRẮNG XẾP DẬP LY NGỰC': 'https://elise.vn/media/catalog/product/cache/bb52e54e5ec1828d48ae8bf7c98f9f69/f/s/fs2303221tswowh3.jpg', '002_SM THÔ TRẮNG XẾP DẬP LY NGỰC': 'https://elise.vn/media/catalog/product/cache/bb52e54e5ec1828d48ae8bf7c98f9f69/f/s/fs2303221tswowh.jpg', '003_SM THÔ TRẮNG XẾP DẬP LY NGỰC': 'https://elise.vn/media/catalog/product/cache/bb52e54e5ec1828d48ae8bf7c98f9f69/f/s/fs2303221tswowh2.jpg', '004_SM THÔ TRẮNG XẾP DẬP LY NGỰC': 'https://elise.vn/media/catalog/product/cache/bb52e54e5ec1828d48ae8bf7c98f9f69/f/s/fs2303221tswowh1.jpg'}",
52831,elise_52831,FF2305065BPWOWH,QUẦN TAFTA TRẮNG CẠP CHÉO ĐÍNH CÚC,1.198.000 VND,"['S', 'M', 'L']",,,"{'001_QUẦN TAFTA TRẮNG CẠP CHÉO ĐÍNH CÚC': 'https://elise.vn/media/catalog/product/cache/bb52e54e5ec1828d48ae8bf7c98f9f69/f/f/ff2305065bpwowh.jpg', '002_QUẦN TAFTA TRẮNG CẠP CHÉO ĐÍNH CÚC': 'https://elise.vn/media/catalog/product/cache/bb52e54e5ec1828d48ae8bf7c98f9f69/f/f/ff2305065bpwowh3.jpg', '003_QUẦN TAFTA TRẮNG CẠP CHÉO ĐÍNH CÚC': 'https://elise.vn/media/catalog/product/cache/bb52e54e5ec1828d48ae8bf7c98f9f69/f/f/ff2305065bpwowh2.jpg', '004_QUẦN TAFTA TRẮNG CẠP CHÉO ĐÍNH CÚC': 'https://elise.vn/media/catalog/product/cache/bb52e54e5ec1828d48ae8bf7c98f9f69/f/f/ff2305065bpwowh1.jpg'}",
52826,elise_52826,FS2304030BPWOBL,QUẦN SUÔNG DẠ MỎNG XANH DA TRỜI,1.298.000 VND,"['S', 'M', 'L']",,,"{'001_QUẦN SUÔNG DẠ MỎNG XANH DA TRỜI': 'https://elise.vn/media/catalog/product/cache/bb52e54e5ec1828d48ae8bf7c98f9f69/f/s/fs2304030bpwobl.jpg', '002_QUẦN SUÔNG DẠ MỎNG XANH DA TRỜI': 'https://elise.vn/media/catalog/product/cache/bb52e54e5ec1828d48ae8bf7c98f9f69/f/s/fs2304030bpwobl1.jpg', '003_QUẦN SUÔNG DẠ MỎNG XANH DA TRỜI': 'https://elise.vn/media/catalog/product/cache/bb52e54e5ec1828d48ae8bf7c98f9f69/f/s/fs2304030bpwobl3.jpg', '004_QUẦN SUÔNG DẠ MỎNG XANH DA TRỜI': 'https://elise.vn/media/catalog/product/cache/bb52e54e5ec1828d48ae8bf7c98f9f69/f/s/fs2304030bpwobl2.jpg'}",
52811,elise_52811,FS2303278BKWOBR,JUPE NÂU DẬP LY PHỦ VẠT,1.098.000 VND,"['S', 'M', 'L']",,,"{'001_JUPE NÂU DẬP LY PHỦ VẠT': 'https://elise.vn/media/catalog/product/cache/bb52e54e5ec1828d48ae8bf7c98f9f69/f/s/fs2303278bkwobr1_1.jpg', '002_JUPE NÂU DẬP LY PHỦ VẠT': 'https://elise.vn/media/catalog/product/cache/bb52e54e5ec1828d48ae8bf7c98f9f69/f/s/fs2303278bkwobr_2.jpg', '003_JUPE NÂU DẬP LY PHỦ VẠT': 'https://elise.vn/media/catalog/product/cache/bb52e54e5ec1828d48ae8bf7c98f9f69/f/s/fs2303278bkwobr3_1.jpg', '004_JUPE NÂU DẬP LY PHỦ VẠT': 'https://elise.vn/media/catalog/product/cache/bb52e54e5ec1828d48ae8bf7c98f9f69/f/s/fs2303278bkwobr2_1.jpg'}",
52806,elise_52806,FS2304112TSORWH,SM TƠ TRẮNG PHỐI THÔ KẸP LÚA PK,1.098.000 VND,"['S', 'M', 'L']",,,"{'001_SM TƠ TRẮNG PHỐI THÔ KẸP LÚA PK': 'https://elise.vn/media/catalog/product/cache/bb52e54e5ec1828d48ae8bf7c98f9f69/f/s/fs2304112tsorwh1.jpg', '002_SM TƠ TRẮNG PHỐI THÔ KẸP LÚA PK': 'https://elise.vn/media/catalog/product/cache/bb52e54e5ec1828d48ae8bf7c98f9f69/f/s/fs2304112tsorwh3.jpg', '003_SM TƠ TRẮNG PHỐI THÔ KẸP LÚA PK': 'https://elise.vn/media/catalog/product/cache/bb52e54e5ec1828d48ae8bf7c98f9f69/f/s/fs2304112tsorwh2.jpg', '004_SM TƠ TRẮNG PHỐI THÔ KẸP LÚA PK': 'https://elise.vn/media/catalog/product/cache/bb52e54e5ec1828d48ae8bf7c98f9f69/f/s/fs2304112tsorwh.jpg'}",
52661,elise_52661,FS2303165BPWOBL,QUẦN SUÔNG XANH GHI XẾP LY,1.298.000 VND,"['S', 'M', 'L']",,,"{'001_QUẦN SUÔNG XANH GHI XẾP LY': 'https://elise.vn/media/catalog/product/cache/bb52e54e5ec1828d48ae8bf7c98f9f69/f/s/fs2303165bpwobl1.jpg', '002_QUẦN SUÔNG XANH GHI XẾP LY': 'https://elise.vn/media/catalog/product/cache/bb52e54e5ec1828d48ae8bf7c98f9f69/f/s/fs2303165bpwobl.jpg', '003_QUẦN SUÔNG XANH GHI XẾP LY': 'https://elise.vn/media/catalog/product/cache/bb52e54e5ec1828d48ae8bf7c98f9f69/f/s/fs2303165bpwobl3.jpg', '004_QUẦN SUÔNG XANH GHI XẾP LY': 'https://elise.vn/media/catalog/product/cache/bb52e54e5ec1828d48ae8bf7c98f9f69/f/s/fs2303165bpwobl2.jpg'}",
52586,elise_52586,FS2305194BPWOWH,QUẦN BAGGY TWEED MỎNG TRẮNG LY GIỮA,1.198.000 VND,"['S', 'M', 'L']",,,"{'001_QUẦN BAGGY TWEED MỎNG TRẮNG LY GIỮA': 'https://elise.vn/media/catalog/product/cache/bb52e54e5ec1828d48ae8bf7c98f9f69/f/s/fs2305194bpwowh.jpg', '002_QUẦN BAGGY TWEED MỎNG TRẮNG LY GIỮA': 'https://elise.vn/media/catalog/product/cache/bb52e54e5ec1828d48ae8bf7c98f9f69/f/s/fs2305194bpwowh1.jpg', '003_QUẦN BAGGY TWEED MỎNG TRẮNG LY GIỮA': 'https://elise.vn/media/catalog/product/cache/bb52e54e5ec1828d48ae8bf7c98f9f69/f/s/fs2305194bpwowh3.jpg', '004_QUẦN BAGGY TWEED MỎNG TRẮNG LY GIỮA': 'https://elise.vn/media/catalog/product/cache/bb52e54e5ec1828d48ae8bf7c98f9f69/f/s/fs2305194bpwowh2.jpg'}",
52541,elise_52541,FF2306205BKDEWH,CHÂN VÁY JEANS TRẮNG XẺ TRƯỚC,1.198.000 VND,"['S', 'M', 'L']",,,"{'001_CHÂN VÁY JEANS TRẮNG XẺ TRƯỚC': 'https://elise.vn/media/catalog/product/cache/bb52e54e5ec1828d48ae8bf7c98f9f69/f/f/ff2306205bkdewh.jpg', '002_CHÂN VÁY JEANS TRẮNG XẺ TRƯỚC': 'https://elise.vn/media/catalog/product/cache/bb52e54e5ec1828d48ae8bf7c98f9f69/f/f/ff2306205bkdewh3.jpg', '003_CHÂN VÁY JEANS TRẮNG XẺ TRƯỚC': 'https://elise.vn/media/catalog/product/cache/bb52e54e5ec1828d48ae8bf7c98f9f69/f/f/ff2306205bkdewh2.jpg', '004_CHÂN VÁY JEANS TRẮNG XẺ TRƯỚC': 'https://elise.vn/media/catalog/product/cache/bb52e54e5ec1828d48ae8bf7c98f9f69/f/f/ff2306205bkdewh1.jpg'}",
52536,elise_52536,FF2306344BKDEWH,CV JEANS TRẮNG XẺ SAU,1.098.000 VND,"['M', 'L']",,,"{'001_CV JEANS TRẮNG XẺ SAU': 'https://elise.vn/media/catalog/product/cache/bb52e54e5ec1828d48ae8bf7c98f9f69/f/f/ff2306344bkdewh.jpg', '002_CV JEANS TRẮNG XẺ SAU': 'https://elise.vn/media/catalog/product/cache/bb52e54e5ec1828d48ae8bf7c98f9f69/f/f/ff2306344bkdewh2.jpg', '003_CV JEANS TRẮNG XẺ SAU': 'https://elise.vn/media/catalog/product/cache/bb52e54e5ec1828d48ae8bf7c98f9f69/f/f/ff2306344bkdewh1.jpg'}",
52511,elise_52511,FF2306084BKDEBL,JUPE JEANS XANH THÊU HOA,1.198.000 VND,"['S', 'M', 'L']",,,"{'001_JUPE JEANS XANH THÊU HOA': 'https://elise.vn/media/catalog/product/cache/bb52e54e5ec1828d48ae8bf7c98f9f69/f/f/ff2306084bkdebl1.jpg', '002_JUPE JEANS XANH THÊU HOA': 'https://elise.vn/media/catalog/product/cache/bb52e54e5ec1828d48ae8bf7c98f9f69/f/f/ff2306084bkdebl3.jpg', '003_JUPE JEANS XANH THÊU HOA': 'https://elise.vn/media/catalog/product/cache/bb52e54e5ec1828d48ae8bf7c98f9f69/f/f/ff2306084bkdebl2.jpg', '004_JUPE JEANS XANH THÊU HOA': 'https://elise.vn/media/catalog/product/cache/bb52e54e5ec1828d48ae8bf7c98f9f69/f/f/ff2306084bkdebl.jpg'}",
52506,elise_52506,FF2306085BKDEBL,JUPE JEANS XANH KẺ Ô QUẢ TRÁM,1.098.000 VND,"['S', 'M', 'L']",,,"{'001_JUPE JEANS XANH KẺ Ô QUẢ TRÁM': 'https://elise.vn/media/catalog/product/cache/bb52e54e5ec1828d48ae8bf7c98f9f69/f/f/ff2306085bkdebl1_2.jpg', '002_JUPE JEANS XANH KẺ Ô QUẢ TRÁM': 'https://elise.vn/media/catalog/product/cache/bb52e54e5ec1828d48ae8bf7c98f9f69/f/f/ff2306085bkdebl2_1.jpg', '003_JUPE JEANS XANH KẺ Ô QUẢ TRÁM': 'https://elise.vn/media/catalog/product/cache/bb52e54e5ec1828d48ae8bf7c98f9f69/f/f/ff2306085bkdebl_1.jpg', '004_JUPE JEANS XANH KẺ Ô QUẢ TRÁM': 'https://elise.vn/media/catalog/product/cache/bb52e54e5ec1828d48ae8bf7c98f9f69/f/f/ff2306085bkdebl3.jpg'}",
52496,elise_52496,FF2306345BKDEBL,CV JEANS XANH RUA CẠP,1.098.000 VND,"['M', 'L']",,,"{'001_CV JEANS XANH RUA CẠP': 'https://elise.vn/media/catalog/product/cache/bb52e54e5ec1828d48ae8bf7c98f9f69/f/f/ff2306345bkdebl1_2.jpg', '002_CV JEANS XANH RUA CẠP': 'https://elise.vn/media/catalog/product/cache/bb52e54e5ec1828d48ae8bf7c98f9f69/f/f/ff2306345bkdebl2_1.jpg', '003_CV JEANS XANH RUA CẠP': 'https://elise.vn/media/catalog/product/cache/bb52e54e5ec1828d48ae8bf7c98f9f69/f/f/ff2306345bkdebl_1.jpg', '004_CV JEANS XANH RUA CẠP': 'https://elise.vn/media/catalog/product/cache/bb52e54e5ec1828d48ae8bf7c98f9f69/f/f/ff2306345bkdebl3_1.jpg'}",
52486,elise_52486,FS2306034BPDEBL,QUẦN JEANS XANH ỐNG ĐỨNG,1.098.000 VND,"['S', 'M', 'L']",,,"{'001_QUẦN JEANS XANH ỐNG ĐỨNG': 'https://elise.vn/media/catalog/product/cache/bb52e54e5ec1828d48ae8bf7c98f9f69/f/s/fs2306034bpdebl3.jpg', '002_QUẦN JEANS XANH ỐNG ĐỨNG': 'https://elise.vn/media/catalog/product/cache/bb52e54e5ec1828d48ae8bf7c98f9f69/f/s/fs2306034bpdebl1.jpg', '003_QUẦN JEANS XANH ỐNG ĐỨNG': 'https://elise.vn/media/catalog/product/cache/bb52e54e5ec1828d48ae8bf7c98f9f69/f/s/fs2306034bpdebl.jpg', '004_QUẦN JEANS XANH ỐNG ĐỨNG': 'https://elise.vn/media/catalog/product/cache/bb52e54e5ec1828d48ae8bf7c98f9f69/f/s/fs2306034bpdebl2.jpg'}",
52481,elise_52481,FS2306036BPDEBL,QUẦN JEANS XANH ỐNG LOE,1.198.000 VND,"['S', 'L']",,,"{'001_QUẦN JEANS XANH ỐNG LOE': 'https://elise.vn/media/catalog/product/cache/bb52e54e5ec1828d48ae8bf7c98f9f69/f/s/fs2306036bpdebl2.jpg', '002_QUẦN JEANS XANH ỐNG LOE': 'https://elise.vn/media/catalog/product/cache/bb52e54e5ec1828d48ae8bf7c98f9f69/f/s/fs2306036bpdebl1.jpg', '003_QUẦN JEANS XANH ỐNG LOE': 'https://elise.vn/media/catalog/product/cache/bb52e54e5ec1828d48ae8bf7c98f9f69/f/s/fs2306036bpdebl.jpg', '004_QUẦN JEANS XANH ỐNG LOE': 'https://elise.vn/media/catalog/product/cache/bb52e54e5ec1828d48ae8bf7c98f9f69/f/s/fs2306036bpdebl3.jpg'}",
52466,elise_52466,FW2306366BPDEBL,QUẦN JEANS XANH ỐNG LOE GẤU TO,1.198.000 VND,"['S', 'M', 'L']",,,"{'001_QUẦN JEANS XANH ỐNG LOE GẤU TO': 'https://elise.vn/media/catalog/product/cache/bb52e54e5ec1828d48ae8bf7c98f9f69/f/w/fw2306366bpdebl1.jpg', '002_QUẦN JEANS XANH ỐNG LOE GẤU TO': 'https://elise.vn/media/catalog/product/cache/bb52e54e5ec1828d48ae8bf7c98f9f69/f/w/fw2306366bpdebl3.jpg', '003_QUẦN JEANS XANH ỐNG LOE GẤU TO': 'https://elise.vn/media/catalog/product/cache/bb52e54e5ec1828d48ae8bf7c98f9f69/f/w/fw2306366bpdebl.jpg', '004_QUẦN JEANS XANH ỐNG LOE GẤU TO': 'https://elise.vn/media/catalog/product/cache/bb52e54e5ec1828d48ae8bf7c98f9f69/f/w/fw2306366bpdebl2.jpg'}",
52356,elise_52356,FS2303250BKWOCR,JUPE KEM XẾP LY,1.298.000 VND,"['S', 'M', 'L']",,,"{'001_JUPE KEM XẾP LY': 'https://elise.vn/media/catalog/product/cache/bb52e54e5ec1828d48ae8bf7c98f9f69/f/s/fs2303250bkwocr.jpg', '002_JUPE KEM XẾP LY': 'https://elise.vn/media/catalog/product/cache/bb52e54e5ec1828d48ae8bf7c98f9f69/f/s/fs2303250bkwocr3.jpg', '003_JUPE KEM XẾP LY': 'https://elise.vn/media/catalog/product/cache/bb52e54e5ec1828d48ae8bf7c98f9f69/f/s/fs2303250bkwocr2.jpg', '004_JUPE KEM XẾP LY': 'https://elise.vn/media/catalog/product/cache/bb52e54e5ec1828d48ae8bf7c98f9f69/f/s/fs2303250bkwocr1.jpg'}",
52331,elise_52331,FS2305028TSWOWH,SM CÁT NHĂN TRẮNG BẤU MÍ PHỐI REN PK,1.198.000 VND,"['S', 'M', 'L']",,,"{'001_SM CÁT NHĂN TRẮNG BẤU MÍ PHỐI REN PK': 'https://elise.vn/media/catalog/product/cache/bb52e54e5ec1828d48ae8bf7c98f9f69/f/s/fs2305028tswowh3.jpg', '002_SM CÁT NHĂN TRẮNG BẤU MÍ PHỐI REN PK': 'https://elise.vn/media/catalog/product/cache/bb52e54e5ec1828d48ae8bf7c98f9f69/f/s/fs2305028tswowh2.jpg', '003_SM CÁT NHĂN TRẮNG BẤU MÍ PHỐI REN PK': 'https://elise.vn/media/catalog/product/cache/bb52e54e5ec1828d48ae8bf7c98f9f69/f/s/fs2305028tswowh1.jpg', '004_SM CÁT NHĂN TRẮNG BẤU MÍ PHỐI REN PK': 'https://elise.vn/media/catalog/product/cache/bb52e54e5ec1828d48ae8bf7c98f9f69/f/s/fs2305028tswowh.jpg'}",
52286,elise_52286,FS2306050BKWOBD,JUPE BÚT CHÌ ĐỎ ĐÔ CẠP HOA,1.198.000 VND,"['S', 'M', 'L']",,,"{'001_JUPE BÚT CHÌ ĐỎ ĐÔ CẠP HOA': 'https://elise.vn/media/catalog/product/cache/bb52e54e5ec1828d48ae8bf7c98f9f69/f/s/fs2306050bkwobd1.jpg', '002_JUPE BÚT CHÌ ĐỎ ĐÔ CẠP HOA': 'https://elise.vn/media/catalog/product/cache/bb52e54e5ec1828d48ae8bf7c98f9f69/f/s/fs2306050bkwobd.jpg', '003_JUPE BÚT CHÌ ĐỎ ĐÔ CẠP HOA': 'https://elise.vn/media/catalog/product/cache/bb52e54e5ec1828d48ae8bf7c98f9f69/f/s/fs2306050bkwobd3.jpg', '004_JUPE BÚT CHÌ ĐỎ ĐÔ CẠP HOA': 'https://elise.vn/media/catalog/product/cache/bb52e54e5ec1828d48ae8bf7c98f9f69/f/s/fs2306050bkwobd2.jpg'}",
52170,elise_52170,FS2305113DIWOGE,ĐẦM TWEED MỎNG XANH LÁ TÚI ỐP,2.198.000 VND,"['S', 'M', 'L']",,,"{'001_ĐẦM TWEED MỎNG XANH LÁ TÚI ỐP': 'https://elise.vn/media/catalog/product/cache/bb52e54e5ec1828d48ae8bf7c98f9f69/f/s/fs2305113diwoge4.jpg', '002_ĐẦM TWEED MỎNG XANH LÁ TÚI ỐP': 'https://elise.vn/media/catalog/product/cache/bb52e54e5ec1828d48ae8bf7c98f9f69/f/s/fs2305113diwoge5.jpg', '003_ĐẦM TWEED MỎNG XANH LÁ TÚI ỐP': 'https://elise.vn/media/catalog/product/cache/bb52e54e5ec1828d48ae8bf7c98f9f69/f/s/fs2305113diwoge3.jpg', '004_ĐẦM TWEED MỎNG XANH LÁ TÚI ỐP': 'https://elise.vn/media/catalog/product/cache/bb52e54e5ec1828d48ae8bf7c98f9f69/f/s/fs2305113diwoge2.jpg'}",
56399,elise_56399,ff2309062bklabk,JUPE LƯỚI LEN ĐEN KẺ Ô XẺ BÊN,1.098.000 VND,,,,{'001_JUPE LƯỚI LEN ĐEN KẺ Ô XẺ BÊN': 'https://elise.vn/media/catalog/product/cache/f677d7e3a5087b6a18a5b1f320b78594/f/f/ff2309062bklabk1.jpg'},https://elise.vn/ff2309062bklabk.html
56394,elise_56394,ff2306187tlwobk,SM ĐEN CỔ ĐỨC NẮP TÚI,1.098.000 VND,,,,{'001_SM ĐEN CỔ ĐỨC NẮP TÚI': 'https://elise.vn/media/catalog/product/cache/f677d7e3a5087b6a18a5b1f320b78594/f/f/ff2306187tlwobk4.jpg'},https://elise.vn/ff2306187tlwobk.html
56389,elise_56389,ff2309033bpdege,QUẦN JEANS XANH MATCHA ỐNG SUÔNG,998.000 VND,,,,{'001_QUẦN JEANS XANH MATCHA ỐNG SUÔNG': 'https://elise.vn/media/catalog/product/cache/f677d7e3a5087b6a18a5b1f320b78594/f/f/ff2309033bpdege.jpg'},https://elise.vn/ff2309033bpdege.html
56384,elise_56384,ff2311088tvlacr,GILE REN HOA KEM TÚI ỐP,1.298.000 VND,,,,{'001_GILE REN HOA KEM TÚI ỐP': 'https://elise.vn/media/catalog/product/cache/f677d7e3a5087b6a18a5b1f320b78594/f/f/ff2311088tvlacr2.jpg'},https://elise.vn/ff2311088tvlacr.html
56379,elise_56379,fs2311092bkwokk,CHÂN VÁY KAKI BE XÒE BOM GẤU,1.298.000 VND,,,,{'001_CHÂN VÁY KAKI BE XÒE BOM GẤU': 'https://elise.vn/media/catalog/product/cache/f677d7e3a5087b6a18a5b1f320b78594/f/s/fs2311092bkwokk1.jpg'},https://elise.vn/fs2311092bkwokk.html
56374,elise_56374,ff2307219tnsibk,ÁO 2 DÂY LỤA ĐEN DÂY XÍCH CỔ ĐỔ,898.000 VND,,,,{'001_ÁO 2 DÂY LỤA ĐEN DÂY XÍCH CỔ ĐỔ': 'https://elise.vn/media/catalog/product/cache/f677d7e3a5087b6a18a5b1f320b78594/f/f/ff2307219tnsibk5.jpg'},https://elise.vn/ff2307219tnsibk.html
56369,elise_56369,ff2309029bpdepl,QUẦN JEANS HỌA TIẾT SẦN,1.098.000 VND,,,,{'001_QUẦN JEANS HỌA TIẾT SẦN': 'https://elise.vn/media/catalog/product/cache/f677d7e3a5087b6a18a5b1f320b78594/f/f/ff2309029bpdepl.jpg'},https://elise.vn/ff2309029bpdepl.html
56364,elise_56364,ff2310057tllapb,SƠ MI REN ĐEN CỔ ĐỨC,1.198.000 VND,,,,{'001_SƠ MI REN ĐEN CỔ ĐỨC': 'https://elise.vn/media/catalog/product/cache/f677d7e3a5087b6a18a5b1f320b78594/f/f/ff2310057tllapb4.jpg'},https://elise.vn/ff2310057tllapb.html
56359,elise_56359,ff2309044diwobl,ĐẦM CỔ ĐỨC XANH TAY LỬNG,2.098.000 VND,,,,{'001_ĐẦM CỔ ĐỨC XANH TAY LỬNG': 'https://elise.vn/media/catalog/product/cache/f677d7e3a5087b6a18a5b1f320b78594/f/f/ff2309044diwobl1.jpg'},https://elise.vn/ff2309044diwobl.html
56354,elise_56354,fs2309045tswobe,SM SẠN BE XẾP GẤU LY CHÉO,1.198.000 VND,,,,{'001_SM SẠN BE XẾP GẤU LY CHÉO': 'https://elise.vn/media/catalog/product/cache/f677d7e3a5087b6a18a5b1f320b78594/f/s/fs2309045tswobe2.jpg'},https://elise.vn/fs2309045tswobe.html
56349,elise_56349,fs2309046bpwobe,QUẦN SUÔNG SẠN BE LY GIỮA KHÓA SAU,1.298.000 VND,,,,{'001_QUẦN SUÔNG SẠN BE LY GIỮA KHÓA SAU': 'https://elise.vn/media/catalog/product/cache/f677d7e3a5087b6a18a5b1f320b78594/f/s/fs2309046bpwobe.jpg'},https://elise.vn/fs2309046bpwobe.html
56344,elise_56344,ff2307029bpdebl,QUẦN JEANS KT XANH ỐNG LOE,1.398.000 VND,,,,{'001_QUẦN JEANS KT XANH ỐNG LOE': 'https://elise.vn/media/catalog/product/cache/f677d7e3a5087b6a18a5b1f320b78594/f/f/ff2307029bpdebl.jpg'},https://elise.vn/ff2307029bpdebl.html
56339,elise_56339,ff2307140tldebl,SM JEANS XANH CỔ ĐỨC DIỄU CHỈ,1.398.000 VND,,,,{'001_SM JEANS XANH CỔ ĐỨC DIỄU CHỈ': 'https://elise.vn/media/catalog/product/cache/f677d7e3a5087b6a18a5b1f320b78594/f/f/ff2307140tldebl3.jpg'},https://elise.vn/ff2307140tldebl.html
56334,elise_56334,ff2309037bkdebl,CHÂN VÁY JEANS TÚI ỐP CÚC TRƯỚC,1.198.000 VND,,,,{'001_CHÂN VÁY JEANS TÚI ỐP CÚC TRƯỚC': 'https://elise.vn/media/catalog/product/cache/f677d7e3a5087b6a18a5b1f320b78594/f/f/ff2309037bkdebl.jpg'},https://elise.vn/ff2309037bkdebl.html
56329,elise_56329,ff2307332tlsibl,SM LỤA XANH HT HOA LOGO CỔ TÀU,1.198.000 VND,,,,{'001_SM LỤA XANH HT HOA LOGO CỔ TÀU': 'https://elise.vn/media/catalog/product/cache/f677d7e3a5087b6a18a5b1f320b78594/f/f/ff2307332tlsibl4.jpg'},https://elise.vn/ff2307332tlsibl.html
56324,elise_56324,ff2309031bkdebl,CHÂN VÁY JEANS ĐUÔI CÁ TÚI TRƯỚC,1.198.000 VND,,,,{'001_CHÂN VÁY JEANS ĐUÔI CÁ TÚI TRƯỚC': 'https://elise.vn/media/catalog/product/cache/f677d7e3a5087b6a18a5b1f320b78594/f/f/ff2309031bkdebl.jpg'},https://elise.vn/ff2309031bkdebl.html
56319,elise_56319,ff2308141tlorpt,SM TƠ TRẮNG HT XANH DÂY CỔ THÊU CHỮ,1.198.000 VND,,,,{'001_SM TƠ TRẮNG HT XANH DÂY CỔ THÊU CHỮ': 'https://elise.vn/media/catalog/product/cache/f677d7e3a5087b6a18a5b1f320b78594/f/f/ff2308141tlorpt.jpg'},https://elise.vn/ff2308141tlorpt.html
56314,elise_56314,ff2309036bpdebl,QUẦN JEANS SUÔNG CÁ CẠP,1.098.000 VND,,,,{'001_QUẦN JEANS SUÔNG CÁ CẠP': 'https://elise.vn/media/catalog/product/cache/f677d7e3a5087b6a18a5b1f320b78594/f/f/ff2309036bpdebl1.jpg'},https://elise.vn/ff2309036bpdebl.html
56309,elise_56309,ff2308139tvlabk,GILE REN HOA ĐEN TÚI ỐP,1.298.000 VND,,,,{'001_GILE REN HOA ĐEN TÚI ỐP': 'https://elise.vn/media/catalog/product/cache/f677d7e3a5087b6a18a5b1f320b78594/f/f/ff2308139tvlabk3.jpg'},https://elise.vn/ff2308139tvlabk.html
56304,elise_56304,ff2308035bpdegr,QUẦN JEANS XÁM GẤU GẬP,1.098.000 VND,,,,{'001_QUẦN JEANS XÁM GẤU GẬP': 'https://elise.vn/media/catalog/product/cache/f677d7e3a5087b6a18a5b1f320b78594/f/f/ff2308035bpdegr.jpg'},https://elise.vn/quan-jeans-xam-gau-gap-ff2308035bpdegr.html
56299,elise_56299,ff2306275tulapw,VEST REN TRẮNG HT QUẢ TRÁM,2.098.000 VND,,,,{'001_VEST REN TRẮNG HT QUẢ TRÁM': 'https://elise.vn/media/catalog/product/cache/f677d7e3a5087b6a18a5b1f320b78594/f/f/ff2306275tulapw.jpg'},https://elise.vn/vest-ren-trang-ht-qua-tram-ff2306275tulapw.html
56294,elise_56294,ff2306276tnlapw,ÁO 2 DÂY REN TRẮNG HT QUẢ TRÁM,898.000 VND,,,,{'001_ÁO 2 DÂY REN TRẮNG HT QUẢ TRÁM': 'https://elise.vn/media/catalog/product/cache/f677d7e3a5087b6a18a5b1f320b78594/f/f/ff2306276tnlapw5.jpg'},https://elise.vn/ao-2-day-ren-trang-ht-qua-tram-ff2306276tnlapw.html
56289,elise_56289,ff2306359dilanv,ĐẦM REN HOA TÍM HOA PHỐI LỤA,2.498.000 VND,,,,{'001_ĐẦM REN HOA TÍM HOA PHỐI LỤA': 'https://elise.vn/media/catalog/product/cache/f677d7e3a5087b6a18a5b1f320b78594/f/f/ff2306359dilanv.jpg'},https://elise.vn/dam-ren-hoa-tim-hoa-phoi-lua-ff2306359dilanv.html
56284,elise_56284,ff2307198diornv,ĐẦM TƠ ÓNG TÍM THAN DÂY CỔ HT,2.098.000 VND,,,,{'001_ĐẦM TƠ ÓNG TÍM THAN DÂY CỔ HT': 'https://elise.vn/media/catalog/product/cache/f677d7e3a5087b6a18a5b1f320b78594/f/f/ff2307198diornv.jpg'},https://elise.vn/dam-to-ong-tim-than-day-co-ht-ff2307198diornv.html
56279,elise_56279,ff2309038bkdebl,CHÂN VÁY JEANS HẠ EO XẾP LY,1.198.000 VND,,,,{'001_CHÂN VÁY JEANS HẠ EO XẾP LY': 'https://elise.vn/media/catalog/product/cache/f677d7e3a5087b6a18a5b1f320b78594/f/f/ff2309038bkdebl.jpg'},https://elise.vn/chan-vay-jeans-ha-eo-xep-ly-ff2309038bkdebl.html
56274,elise_56274,ff2307357tnorpt,SM SÁT NÁCH TƠ TRẮNG HT XANH DÂY CỔ,1.098.000 VND,,,,{'001_SM SÁT NÁCH TƠ TRẮNG HT XANH DÂY CỔ': 'https://elise.vn/media/catalog/product/cache/f677d7e3a5087b6a18a5b1f320b78594/f/f/ff2307357tnorpt.jpg'},https://elise.vn/sm-sat-nach-to-trang-ht-xanh-day-co-ff2307357tnorpt.html
56269,elise_56269,ff2308138bkwobl,CHÂN VÁY SỢI XANH DẬP LY ĐAI CẠP,1.298.000 VND,,,,{'001_CHÂN VÁY SỢI XANH DẬP LY ĐAI CẠP': 'https://elise.vn/media/catalog/product/cache/f677d7e3a5087b6a18a5b1f320b78594/f/f/ff2308138bkwobl5.jpg'},https://elise.vn/chan-vay-soi-xanh-dap-ly-dai-cap-ff2308138bkwobl.html
56264,elise_56264,ff2308137tswobl,ÁO SÁT NÁCH XANH TÚI NGỰC THÊU LOGO,1.098.000 VND,,,,{'001_ÁO SÁT NÁCH XANH TÚI NGỰC THÊU LOGO': 'https://elise.vn/media/catalog/product/cache/f677d7e3a5087b6a18a5b1f320b78594/f/f/ff2308137tswobl2.jpg'},https://elise.vn/ao-sat-nach-xanh-tui-nguc-theu-logo-ff2308137tswobl.html
56258,elise_56258,ff2308013bpwoor,QUẦN SUÔNG CAM ĐẤT LY GIỮA ĐAI CẠP,1.298.000 VND,,,,{'001_QUẦN SUÔNG CAM ĐẤT LY GIỮA ĐAI CẠP': 'https://elise.vn/media/catalog/product/cache/f677d7e3a5087b6a18a5b1f320b78594/f/f/ff2308013bpwoor2.jpg'},https://elise.vn/ff2308013bpwoor.html
56253,elise_56253,ff2308012tlwoor,SM CAM ĐẤT CỔ ĐỨC TRANG TRÍ CÚC TAY,1.098.000 VND,,,,{'001_SM CAM ĐẤT CỔ ĐỨC TRANG TRÍ CÚC TAY': 'https://elise.vn/media/catalog/product/cache/f677d7e3a5087b6a18a5b1f320b78594/f/f/ff2308012tlwoor.jpg'},https://elise.vn/ff2308012tlwoor.html
56248,elise_56248,ff2309001diwobk,ĐẦM ÔM ĐEN NGỰC ĐÍNH HOA CƯỜM,2.298.000 VND,,,,{'001_ĐẦM ÔM ĐEN NGỰC ĐÍNH HOA CƯỜM': 'https://elise.vn/media/catalog/product/cache/f677d7e3a5087b6a18a5b1f320b78594/f/f/ff2309001diwobk.jpg'},https://elise.vn/dam-om-den-nguc-dinh-hoa-cuom-ff2309001diwobk.html
56243,elise_56243,fs2311084diwowh,ĐẦM TRẮNG VOAN KẺ XẾP LY DƯỚI,2.298.000 VND,,,,{'001_ĐẦM TRẮNG VOAN KẺ XẾP LY DƯỚI': 'https://elise.vn/media/catalog/product/cache/f677d7e3a5087b6a18a5b1f320b78594/f/s/fs2311084diwowh2.jpg'},https://elise.vn/dam-trang-voan-ke-xep-ly-duoi-fs2311084diwowh.html
56238,elise_56238,ff2307202bkwobk,CV XỐP ĐEN VÂN CHÉO ĐAI CẠP,1.298.000 VND,,,,{'001_CV XỐP ĐEN VÂN CHÉO ĐAI CẠP': 'https://elise.vn/media/catalog/product/cache/f677d7e3a5087b6a18a5b1f320b78594/f/f/ff2307202bkwobk.jpg'},https://elise.vn/cv-xop-den-van-cheo-dai-cap-ff2307202bkwobk.html
56223,elise_56223,fs2311074tloryl,SM TƠ VÀNG NƠ CỔ BÈO,1.098.000 VND,,,,{'001_SM TƠ VÀNG NƠ CỔ BÈO': 'https://elise.vn/media/catalog/product/cache/f677d7e3a5087b6a18a5b1f320b78594/f/s/fs2311074tloryl.jpg'},https://elise.vn/sm-to-vang-no-co-beo-fs2311074tloryl.html
56218,elise_56218,fs2311080tlsiwh,SM LỤA TRẮNG VÂN CHÉO TAY PHỒNG,1.098.000 VND,,,,{'001_SM LỤA TRẮNG VÂN CHÉO TAY PHỒNG': 'https://elise.vn/media/catalog/product/cache/f677d7e3a5087b6a18a5b1f320b78594/f/s/fs2311080tlsiwh3.jpg'},https://elise.vn/sm-lua-trang-van-cheo-tay-phong-fs2311080tlsiwh.html
56213,elise_56213,ff2306024bpwobk,QUẦN SUÔNG ĐEN GÂN GIỮA,1.298.000 VND,,,,{'001_QUẦN SUÔNG ĐEN GÂN GIỮA': 'https://elise.vn/media/catalog/product/cache/f677d7e3a5087b6a18a5b1f320b78594/f/f/ff2306024bpwobk2.jpg'},https://elise.vn/quan-suong-den-gan-giua-ff2306024bpwobk.html
56208,elise_56208,ff2308171diwocr,ĐẦM KEM PHỐI TƠ ĐÍNH NƠ CỔ,2.098.000 VND,,,,{'001_ĐẦM KEM PHỐI TƠ ĐÍNH NƠ CỔ': 'https://elise.vn/media/catalog/product/cache/f677d7e3a5087b6a18a5b1f320b78594/f/f/ff2308171diwocr.jpg'},https://elise.vn/dam-kem-phoi-to-dinh-no-co-ff2308171diwocr.html
56203,elise_56203,ff2307134tlwowh,SM SẠN TRẮNG CAN DÂY REN,1.298.000 VND,,,,{'001_SM SẠN TRẮNG CAN DÂY REN': 'https://elise.vn/media/catalog/product/cache/f677d7e3a5087b6a18a5b1f320b78594/f/f/ff2307134tlwowh3.jpg'},https://elise.vn/sm-san-trang-can-day-ren-ff2307134tlwowh.html
56198,elise_56198,fs2305296tsorge,SM TƠ XANH CỐM CỔ V XẾP LY,1.098.000 VND,,,,{'001_SM TƠ XANH CỐM CỔ V XẾP LY': 'https://elise.vn/media/catalog/product/cache/f677d7e3a5087b6a18a5b1f320b78594/f/s/fs2305296tsorge3.jpg'},https://elise.vn/sm-to-xanh-com-co-v-xep-ly-fs2305296tsorge.html
56193,elise_56193,fs2311091bkwobk,JUPE BÚT CHỈ ĐEN TÚI CHÉO,1.098.000 VND,,,,{'001_JUPE BÚT CHỈ ĐEN TÚI CHÉO': 'https://elise.vn/media/catalog/product/cache/f677d7e3a5087b6a18a5b1f320b78594/f/s/fs2311091bkwobk1.jpg'},https://elise.vn/jupe-but-chi-den-tui-cheo-fs2311091bkwobk.html
56188,elise_56188,ff2309048bkwobr,JUPE NÂU BÈO EO XẺ BÊN,1.398.000 VND,,,,{'001_JUPE NÂU BÈO EO XẺ BÊN': 'https://elise.vn/media/catalog/product/cache/f677d7e3a5087b6a18a5b1f320b78594/f/f/ff2309048bkwobr1.jpg'},https://elise.vn/jupe-nau-beo-eo-xe-ben-ff2309048bkwobr.html
56183,elise_56183,ff2304127diwobk,ĐẦM TƠ ĐEN CHUN EO VIỀN REN PK TRẮNG,2.298.000 VND,,,,{'001_ĐẦM TƠ ĐEN CHUN EO VIỀN REN PK TRẮNG': 'https://elise.vn/media/catalog/product/cache/f677d7e3a5087b6a18a5b1f320b78594/f/f/ff2304127diwobk.jpg'},https://elise.vn/dam-to-den-chun-eo-vien-ren-pk-trang-ff2304127diwobk.html
56178,elise_56178,ff2308082dmwobk,ĐẦM ĐEN CỔ ĐÍNH DÂY XÍCH,2.098.000 VND,,,,{'001_ĐẦM ĐEN CỔ ĐÍNH DÂY XÍCH': 'https://elise.vn/media/catalog/product/cache/f677d7e3a5087b6a18a5b1f320b78594/f/f/ff2308082dmwobk.jpg'},https://elise.vn/dam-den-co-dinh-day-xich-ff2308082dmwobk.html
56173,elise_56173,ff2308217diwobk,ĐẦM ĐEN VAI CHƯỜM VIỀN GHI,2.098.000 VND,,,,{'001_ĐẦM ĐEN VAI CHƯỜM VIỀN GHI': 'https://elise.vn/media/catalog/product/cache/f677d7e3a5087b6a18a5b1f320b78594/f/f/ff2308217diwobk.jpg'},https://elise.vn/dam-den-vai-chuom-vien-ghi-ff2308217diwobk.html
56168,elise_56168,ff2308133dmwowh,ĐẦM TRẮNG CỔ V TAY REN HOA CHÙM,2.098.000 VND,,,,{'001_ĐẦM TRẮNG CỔ V TAY REN HOA CHÙM': 'https://elise.vn/media/catalog/product/cache/f677d7e3a5087b6a18a5b1f320b78594/f/f/ff2308133dmwowh.jpg'},https://elise.vn/dam-trang-co-v-tay-ren-hoa-chum-ff2308133dmwowh.html
56163,elise_56163,ff2308177diwoge,ĐẦM SUÔNG VÂN XANH CỐM KẸP VIỀN CỔ KT,2.098.000 VND,,,,{'001_ĐẦM SUÔNG VÂN XANH CỐM KẸP VIỀN CỔ KT': 'https://elise.vn/media/catalog/product/cache/f677d7e3a5087b6a18a5b1f320b78594/f/f/ff2308177diwoge.jpg'},https://elise.vn/dam-suong-van-xanh-com-kep-vien-co-kt-ff2308177diwoge.html
56158,elise_56158,ff2308147diwoor,ĐẦM VÂN CAM CỔ VUÔNG TAY LỠ,2.298.000 VND,,,,{'001_ĐẦM VÂN CAM CỔ VUÔNG TAY LỠ': 'https://elise.vn/media/catalog/product/cache/f677d7e3a5087b6a18a5b1f320b78594/f/f/ff2308147diwoor.jpg'},https://elise.vn/dam-van-cam-co-vuong-tay-lo-ff2308147diwoor.html
56153,elise_56153,ff2308182diwoor,ĐẦM CAM CỔ VEST CHÂN DẬP LY,2.298.000 VND,,,,{'001_ĐẦM CAM CỔ VEST CHÂN DẬP LY': 'https://elise.vn/media/catalog/product/cache/f677d7e3a5087b6a18a5b1f320b78594/f/f/ff2308182diwoor.jpg'},https://elise.vn/dam-cam-co-vest-chan-dap-ly-ff2308182diwoor.html
56143,elise_56143,ff2308027dmwopk,ĐẦM CAM TÍM XẺ GẤU CHỒNG LỆCH,2.098.000 VND,,,,{'001_ĐẦM CAM TÍM XẺ GẤU CHỒNG LỆCH': 'https://elise.vn/media/catalog/product/cache/f677d7e3a5087b6a18a5b1f320b78594/f/f/ff2308027dmwopk.jpg'},https://elise.vn/dam-cam-tim-xe-gau-chong-lech-ff2308027dmwopk.html
56133,elise_56133,ff2308085dmwowh,ĐẦM SUÔNG TRẮNG XỐP HOA NỔI,2.098.000 VND,,,,{'001_ĐẦM SUÔNG TRẮNG XỐP HOA NỔI': 'https://elise.vn/media/catalog/product/cache/f677d7e3a5087b6a18a5b1f320b78594/f/f/ff2308085dmwowh1.jpg'},https://elise.vn/dam-suong-trang-xop-hoa-noi-ff2308085dmwowh.html
56067,elise_56067,ff2308212dmwobr,ĐẦM SUÔNG NÂU TAY XẾP LY,2.098.000 VND,,,,{'001_ĐẦM SUÔNG NÂU TAY XẾP LY': 'https://elise.vn/media/catalog/product/cache/f677d7e3a5087b6a18a5b1f320b78594/f/f/ff2308212dmwobr.jpg'},https://elise.vn/dam-suong-nau-tay-xep-ly-ff2308212dmwobr.html
56057,elise_56057,ff2308205dmwobr,ĐẦM NÂU CHÂN DẬP LY VẠT CHÉO,2.298.000 VND,,,,{'001_ĐẦM NÂU CHÂN DẬP LY VẠT CHÉO': 'https://elise.vn/media/catalog/product/cache/f677d7e3a5087b6a18a5b1f320b78594/f/f/ff2308205dmwobr.jpg'},https://elise.vn/dam-nau-chan-dap-ly-vat-cheo-ff2308205dmwobr.html
56052,elise_56052,ff2309060bkorbr,CHÂN VÁY XÒE TƠ NÂU,1.298.000 VND,,,,{'001_CHÂN VÁY XÒE TƠ NÂU': 'https://elise.vn/media/catalog/product/cache/f677d7e3a5087b6a18a5b1f320b78594/f/f/ff2309060bkorbr.jpg'},https://elise.vn/chan-vay-xoe-to-nau-ff2309060bkorbr.html
56047,elise_56047,ff2308175diwobr,ĐẦM ĐEN VÂN TAY PHỒNG CHÂN DẬP LY,2.198.000 VND,,,,{'001_ĐẦM ĐEN VÂN TAY PHỒNG CHÂN DẬP LY': 'https://elise.vn/media/catalog/product/cache/f677d7e3a5087b6a18a5b1f320b78594/f/f/ff2308175diwobr.jpg'},https://elise.vn/dam-den-van-tay-phong-chan-dap-ly-ff2308175diwobr.html
56042,elise_56042,ff2309059tnorbr,ÁO TƠ NÂU RÚT DÂY VAI,1.098.000 VND,,,,{'001_ÁO TƠ NÂU RÚT DÂY VAI': 'https://elise.vn/media/catalog/product/cache/f677d7e3a5087b6a18a5b1f320b78594/f/f/ff2309059tnorbr3.jpg'},https://elise.vn/ao-to-nau-rut-day-vai-ff2309059tnorbr.html
56037,elise_56037,ff2309028bkwobk,JUPE DÀI ĐEN NƠ CẠP,1.498.000 VND,,,,{'001_JUPE DÀI ĐEN NƠ CẠP': 'https://elise.vn/media/catalog/product/cache/f677d7e3a5087b6a18a5b1f320b78594/f/f/ff2309028bkwobk1.jpg'},https://elise.vn/jupe-dai-den-no-cap-ff2309028bkwobk.html
56032,elise_56032,fs2309068diwowh,ĐẦM TAFTA TRẮNG CÚP NGỰC CUỐN HOA,2.298.000 VND,,,,{'001_ĐẦM TAFTA TRẮNG CÚP NGỰC CUỐN HOA': 'https://elise.vn/media/catalog/product/cache/f677d7e3a5087b6a18a5b1f320b78594/f/s/fs2309068diwowh1.jpg'},https://elise.vn/dam-tafta-trang-cup-nguc-cuon-hoa-fs2309068diwowh.html
56027,elise_56027,fs2401140tsorpb,SƠ MI TƠ ĐEN HT XÍCH,1.098.000 VND,,,,{'001_SƠ MI TƠ ĐEN HT XÍCH': 'https://elise.vn/media/catalog/product/cache/f677d7e3a5087b6a18a5b1f320b78594/f/s/fs2401140tsorpb.jpg'},https://elise.vn/so-mi-to-den-ht-xich-fs2401140tsorpb.html
56022,elise_56022,fs2312045diwopb,ĐẦM VOAN ĐEN HT XÍCH XẾP BÈO TẦNG,2.298.000 VND,,,,{'001_ĐẦM VOAN ĐEN HT XÍCH XẾP BÈO TẦNG': 'https://elise.vn/media/catalog/product/cache/f677d7e3a5087b6a18a5b1f320b78594/f/s/fs2312045diwopb4.jpg'},https://elise.vn/dam-voan-den-ht-xich-xep-beo-tang-fs2312045diwopb.html
56017,elise_56017,ff2308158bkwobk,JUPE ĐEN BÚT CHÌ VIỀN LỤA,1.198.000 VND,,,,{'001_JUPE ĐEN BÚT CHÌ VIỀN LỤA': 'https://elise.vn/media/catalog/product/cache/f677d7e3a5087b6a18a5b1f320b78594/f/f/ff2308158bkwobk.jpg'},https://elise.vn/jupe-den-but-chi-vien-lua-ff2308158bkwobk.html
56012,elise_56012,fs2312046diorpb,ĐẦM TƠ ĐEN HT XÍCH RÚT DÂY SƯỜN,2.098.000 VND,,,,{'001_ĐẦM TƠ ĐEN HT XÍCH RÚT DÂY SƯỜN': 'https://elise.vn/media/catalog/product/cache/f677d7e3a5087b6a18a5b1f320b78594/f/s/fs2312046diorpb.jpg'},https://elise.vn/dam-to-den-ht-xich-rut-day-suon-fs2312046diorpb.html
56007,elise_56007,fs2312040tnorpw,SM TƠ TRẮNG HT XÍCH SÁT NÁCH BÈO CỔ,998.000 VND,,,,{'001_SM TƠ TRẮNG HT XÍCH SÁT NÁCH BÈO CỔ': 'https://elise.vn/media/catalog/product/cache/f677d7e3a5087b6a18a5b1f320b78594/f/s/fs2312040tnorpw.jpg'},https://elise.vn/sm-to-trang-ht-xich-sat-nach-beo-co-fs2312040tnorpw.html
56002,elise_56002,fs2312097diwobk,ĐẦM ĐEN SÁT NÁCH DÂY CỔ LỤA HT XÍCH,2.098.000 VND,,,,{'001_ĐẦM ĐEN SÁT NÁCH DÂY CỔ LỤA HT XÍCH': 'https://elise.vn/media/catalog/product/cache/f677d7e3a5087b6a18a5b1f320b78594/f/s/fs2312097diwobk2.jpg'},https://elise.vn/dam-den-sat-nach-day-co-lua-ht-xich-fs2312097diwobk.html
55997,elise_55997,fs2312085bksipb,CV LỤA ĐEN HT XÍCH DẬP LY,1.398.000 VND,,,,{'001_CV LỤA ĐEN HT XÍCH DẬP LY': 'https://elise.vn/media/catalog/product/cache/f677d7e3a5087b6a18a5b1f320b78594/f/s/fs2312085bksipb1.jpg'},https://elise.vn/cv-lua-den-ht-xich-dap-ly-fs2312085bksipb.html
55992,elise_55992,fs2305307diwobk,ĐẦM CHIFFON ĐEN XẾP BÈO REN NGỰC,2.098.000 VND,,,,{'001_ĐẦM CHIFFON ĐEN XẾP BÈO REN NGỰC': 'https://elise.vn/media/catalog/product/cache/f677d7e3a5087b6a18a5b1f320b78594/f/s/fs2305307diwobk.jpg'},https://elise.vn/dam-chiffon-den-xep-beo-ren-nguc-fs2305307diwobk.html
55987,elise_55987,fs2312084tlwobk,SM ĐEN PHỐI LỤA ĐEN HT XÍCH DIỄU CHỈ,1.098.000 VND,,,,{'001_SM ĐEN PHỐI LỤA ĐEN HT XÍCH DIỄU CHỈ': 'https://elise.vn/media/catalog/product/cache/f677d7e3a5087b6a18a5b1f320b78594/f/s/fs2312084tlwobk3.jpg'},https://elise.vn/sm-den-phoi-lua-den-ht-xich-dieu-chi-fs2312084tlwobk.html
55982,elise_55982,fs2308135diwobr,ĐẦM BÚT CHÌ SẠN NÂU TÚI NGỰC,2.098.000 VND,,,,{'001_ĐẦM BÚT CHÌ SẠN NÂU TÚI NGỰC': 'https://elise.vn/media/catalog/product/cache/f677d7e3a5087b6a18a5b1f320b78594/f/s/fs2308135diwobr1.jpg'},https://elise.vn/dam-but-chi-san-nau-tui-nguc-fs2308135diwobr.html
55977,elise_55977,fs2311118diwowh,ĐẦM TRẮNG PHỐI TAY LƯỚI ĐAI EO,2.098.000 VND,,,,{'001_ĐẦM TRẮNG PHỐI TAY LƯỚI ĐAI EO': 'https://elise.vn/media/catalog/product/cache/f677d7e3a5087b6a18a5b1f320b78594/f/s/fs2311118diwowh2.jpg'},https://elise.vn/dam-trang-phoi-tay-luoi-dai-eo-fs2311118diwowh.html
55972,elise_55972,fs2312096diorpw,ĐẦM TƠ TRẮNG HT XÍCH CỔ BÈO,2.098.000 VND,,,,{'001_ĐẦM TƠ TRẮNG HT XÍCH CỔ BÈO': 'https://elise.vn/media/catalog/product/cache/f677d7e3a5087b6a18a5b1f320b78594/f/s/fs2312096diorpw1.jpg'},https://elise.vn/dam-to-trang-ht-xich-co-beo-fs2312096diorpw.html
55909,elise_55909,ff2309007dxorbk,ĐẦM TƠ ĐEN PHỐI TWEED KẺ ĐEN TRẮNG,2.098.000 VND,,,,{'001_ĐẦM TƠ ĐEN PHỐI TWEED KẺ ĐEN TRẮNG': 'https://elise.vn/media/catalog/product/cache/f677d7e3a5087b6a18a5b1f320b78594/f/f/ff2309007dxorbk.jpg'},https://elise.vn/dam-to-den-phoi-tweed-ke-den-trang-ff2309007dxorbk.html
55879,elise_55879,ff2307364bpwopk,QUẦN DÀI SẠN HỒNG TÍM,1.298.000 VND,,,,{'001_QUẦN DÀI SẠN HỒNG TÍM': 'https://elise.vn/media/catalog/product/cache/f677d7e3a5087b6a18a5b1f320b78594/f/f/ff2307364bpwopk.jpg'},https://elise.vn/quan-dai-san-hong-tim-ff2307364bpwopk.html
55874,elise_55874,ff2307363tuwopk,VEST LỬNG SẠN HỒNG TÍM,1.798.000 VND,,,,{'001_VEST LỬNG SẠN HỒNG TÍM': 'https://elise.vn/media/catalog/product/cache/f677d7e3a5087b6a18a5b1f320b78594/f/f/ff2307363tuwopk3.jpg'},https://elise.vn/vest-lung-san-hong-tim-ff2307363tuwopk.html
55859,elise_55859,ff2306191sdorbk,SET ĐẦM TƠ ĐEN PHỐI CỔ HT CHỮ,2.298.000 VND,,,,{'001_SET ĐẦM TƠ ĐEN PHỐI CỔ HT CHỮ': 'https://elise.vn/media/catalog/product/cache/f677d7e3a5087b6a18a5b1f320b78594/f/f/ff2306191sdorbk2.jpg'},https://elise.vn/set-dam-to-den-phoi-co-ht-chu-ff2306191sdorbk.html
55837,elise_55837,ff2307092bkwobl,JUPE XANH DA TRỜI CAN CHÉO,1.098.000 VND,,,,{'001_JUPE XANH DA TRỜI CAN CHÉO': 'https://elise.vn/media/catalog/product/cache/f677d7e3a5087b6a18a5b1f320b78594/f/f/ff2307092bkwobl1.jpg'},https://elise.vn/jupe-xanh-da-troi-can-cheo-ff2307092bkwobl.html
55782,elise_55782,ff2308131bkwopu,JUPE TÍM XẺ TRƯỚC GÂN BÊN,1.298.000 VND,,,,{'001_JUPE TÍM XẺ TRƯỚC GÂN BÊN': 'https://elise.vn/media/catalog/product/cache/f677d7e3a5087b6a18a5b1f320b78594/f/f/ff2308131bkwopu.jpg'},https://elise.vn/jupe-tim-xe-truoc-gan-ben-ff2308131bkwopu.html
55737,elise_55737,ff2308046diwoyl,ĐẦM 2 DÂY VÀNG CHANH CÚP NGỰC XẺ BÊN,2.098.000 VND,,,,{'001_ĐẦM 2 DÂY VÀNG CHANH CÚP NGỰC XẺ BÊN': 'https://elise.vn/media/catalog/product/cache/f677d7e3a5087b6a18a5b1f320b78594/f/f/ff2308046diwoyl3.jpg'},https://elise.vn/dam-2-day-vang-chanh-cup-nguc-xe-ben-ff2308046diwoyl.html
55732,elise_55732,ff2308045tuwoyl,VEST VÀNG CHANH SÁT NÁCH NẮP TÚI,1.898.000 VND,,,,{'001_VEST VÀNG CHANH SÁT NÁCH NẮP TÚI': 'https://elise.vn/media/catalog/product/cache/f677d7e3a5087b6a18a5b1f320b78594/f/f/ff2308045tuwoyl2.jpg'},https://elise.vn/vest-vang-chanh-sat-nach-nap-tui-ff2308045tuwoyl.html
55727,elise_55727,ff2307222tnorwh,ÁO TƠ TRẮNG SÁT NÁCH CHIẾT EO,998.000 VND,,,,{'001_ÁO TƠ TRẮNG SÁT NÁCH CHIẾT EO': 'https://elise.vn/media/catalog/product/cache/f677d7e3a5087b6a18a5b1f320b78594/f/f/ff2307222tnorwh3.jpg'},https://elise.vn/ao-to-trang-sat-nach-chiet-eo-ff2307222tnorwh.html
55687,elise_55687,ff2307150bksipk,CV LỤA HỒNG PHẤN CẠP ĐÍNH CÚC DẬP LY,1.398.000 VND,,,,{'001_CV LỤA HỒNG PHẤN CẠP ĐÍNH CÚC DẬP LY': 'https://elise.vn/media/catalog/product/cache/f677d7e3a5087b6a18a5b1f320b78594/f/f/ff2307150bksipk.jpg'},https://elise.vn/cv-lua-hong-phan-cap-dinh-cuc-dap-ly-ff2307150bksipk.html
55672,elise_55672,ff2309022bkwowh,JUPE TRẮNG XẺ BÊN ĐÍNH CÚC CẠP,1.298.000 VND,,,,{'001_JUPE TRẮNG XẺ BÊN ĐÍNH CÚC CẠP': 'https://elise.vn/media/catalog/product/cache/f677d7e3a5087b6a18a5b1f320b78594/f/f/ff2309022bkwowh.jpg'},https://elise.vn/jupe-trang-xe-ben-dinh-cuc-cap-ff2309022bkwowh.html
55667,elise_55667,ff2309017tslabe,ÁO LƯỚI BE NỔI ĐÍNH THANH CHỮ,1.398.000 VND,,,,{'001_ÁO LƯỚI BE NỔI ĐÍNH THANH CHỮ': 'https://elise.vn/media/catalog/product/cache/f677d7e3a5087b6a18a5b1f320b78594/f/f/ff2309017tslabe.jpg'},https://elise.vn/ao-luoi-be-noi-dinh-thanh-chu-ff2309017tslabe.html
55662,elise_55662,ff2309103diwopl,ĐẦM VOAN HOA XANH BUỘC NƠ CỔ,2.298.000 VND,,,,{'001_ĐẦM VOAN HOA XANH BUỘC NƠ CỔ': 'https://elise.vn/media/catalog/product/cache/f677d7e3a5087b6a18a5b1f320b78594/f/f/ff2309103diwopl2.jpg'},https://elise.vn/dam-voan-hoa-xanh-buoc-no-co-ff2309103diwopl.html
55657,elise_55657,ff2308220dxwopt,ĐẦM VOAN HOA TÍM PHỐI REN PK ĐAI EO,2.298.000 VND,,,,{'001_ĐẦM VOAN HOA TÍM PHỐI REN PK ĐAI EO': 'https://elise.vn/media/catalog/product/cache/f677d7e3a5087b6a18a5b1f320b78594/f/f/ff2308220dxwopt2.jpg'},https://elise.vn/dam-voan-hoa-tim-phoi-ren-pk-dai-eo-ff2308220dxwopt.html
55652,elise_55652,ff2311095dxwopp,ĐẦM VOAN HOA NỀN HỒNG CỔ V VIỀN REN,2.098.000 VND,,,,{'001_ĐẦM VOAN HOA NỀN HỒNG CỔ V VIỀN REN': 'https://elise.vn/media/catalog/product/cache/f677d7e3a5087b6a18a5b1f320b78594/f/f/ff2311095dxwopp.jpg'},https://elise.vn/dam-voan-hoa-nen-hong-co-v-vien-ren-ff2311095dxwopp.html
55647,elise_55647,ff2309133bpwowh,QUẦN SUÔNG TRẮNG LY GIỮA TÚI CHÉO,1.298.000 VND,,,,{'001_QUẦN SUÔNG TRẮNG LY GIỮA TÚI CHÉO': 'https://elise.vn/media/catalog/product/cache/f677d7e3a5087b6a18a5b1f320b78594/f/f/ff2309133bpwowh1.jpg'},https://elise.vn/quan-suong-trang-ly-giua-tui-cheo-ff2309133bpwowh.html
55642,elise_55642,ff2311094tlwopp,SM VOAN HOA NỀN HỒNG VIỀN REN,1.098.000 VND,,,,{'001_SM VOAN HOA NỀN HỒNG VIỀN REN': 'https://elise.vn/media/catalog/product/cache/f677d7e3a5087b6a18a5b1f320b78594/f/f/ff2311094tlwopp3.jpg'},https://elise.vn/sm-voan-hoa-nen-hong-vien-ren-ff2311094tlwopp.html
55637,elise_55637,ff2309055diwopk,ĐẦM XÒE SỢI HỒNG PHẤN CHÂN BỔ CAN,2.098.000 VND,,,,{'001_ĐẦM XÒE SỢI HỒNG PHẤN CHÂN BỔ CAN': 'https://elise.vn/media/catalog/product/cache/f677d7e3a5087b6a18a5b1f320b78594/f/f/ff2309055diwopk2.jpg'},https://elise.vn/dam-xoe-soi-hong-phan-chan-bo-can-ff2309055diwopk.html
55632,elise_55632,ff2308191diwocr,ĐẦM KEM ÔM CỔ DÂY HẠT TRAI,2.298.000 VND,,,,{'001_ĐẦM KEM ÔM CỔ DÂY HẠT TRAI': 'https://elise.vn/media/catalog/product/cache/f677d7e3a5087b6a18a5b1f320b78594/f/f/ff2308191diwocr3.jpg'},https://elise.vn/dam-kem-om-co-day-hat-trai-ff2308191diwocr.html
55627,elise_55627,ff2306396dilacr,ĐẦM REN HOA KEM TAY CHỜM,2.498.000 VND,,,,{'001_ĐẦM REN HOA KEM TAY CHỜM': 'https://elise.vn/media/catalog/product/cache/f677d7e3a5087b6a18a5b1f320b78594/f/f/ff2306396dilacr2.jpg'},https://elise.vn/dam-ren-hoa-kem-tay-chom-ff2306396dilacr.html
55622,elise_55622,ff2309161diwopa,ĐẦM VÂN HỒNG SEN DIỄU CHỈ ĐAI EO,2.098.000 VND,,,,{'001_ĐẦM VÂN HỒNG SEN DIỄU CHỈ ĐAI EO': 'https://elise.vn/media/catalog/product/cache/f677d7e3a5087b6a18a5b1f320b78594/f/f/ff2309161diwopa1.jpg'},https://elise.vn/dam-van-hong-sen-dieu-chi-dai-eo-ff2309161diwopa.html
55617,elise_55617,ff2309157dmwopk,ĐẦM HỒNG ĐÍNH NƠ EO,2.098.000 VND,,,,{'001_ĐẦM HỒNG ĐÍNH NƠ EO': 'https://elise.vn/media/catalog/product/cache/f677d7e3a5087b6a18a5b1f320b78594/f/f/ff2309157dmwopk2.jpg'},https://elise.vn/dam-hong-dinh-no-eo-ff2309157dmwopk.html
55612,elise_55612,ff2309016bkwopu,JUPE VÂN TÍM ĐÍNH THANH LOGO CẠP,1.098.000 VND,,,,{'001_JUPE VÂN TÍM ĐÍNH THANH LOGO CẠP': 'https://elise.vn/media/catalog/product/cache/f677d7e3a5087b6a18a5b1f320b78594/f/f/ff2309016bkwopu.jpg'},https://elise.vn/jupe-van-tim-dinh-thanh-logo-cap-ff2309016bkwopu.html
55607,elise_55607,ff2309015tuwopu,VEST VÂN TÍM TAY LƠ VÊ,1.698.000 VND,,,,{'001_VEST VÂN TÍM TAY LƠ VÊ': 'https://elise.vn/media/catalog/product/cache/f677d7e3a5087b6a18a5b1f320b78594/f/f/ff2309015tuwopu3.jpg'},https://elise.vn/vest-van-tim-tay-lo-ve-ff2309015tuwopu.html
55602,elise_55602,ff2308005dmwowh,ĐẦM SUÔNG TRẮNG ĐÍNH HOA REN PK NGỰC,2.098.000 VND,,,,{'001_ĐẦM SUÔNG TRẮNG ĐÍNH HOA REN PK NGỰC': 'https://elise.vn/media/catalog/product/cache/f677d7e3a5087b6a18a5b1f320b78594/f/f/ff2308005dmwowh.jpg'},https://elise.vn/dam-suong-trang-dinh-hoa-ren-pk-nguc-ff2308005dmwowh.html
55597,elise_55597,ff2308187dilawh,ĐẦM REN HOA TRẮNG CỔ ĐỨC ĐÍNH NƠ NGỰC,2.298.000 VND,,,,{'001_ĐẦM REN HOA TRẮNG CỔ ĐỨC ĐÍNH NƠ NGỰC': 'https://elise.vn/media/catalog/product/cache/f677d7e3a5087b6a18a5b1f320b78594/f/f/ff2308187dilawh1.jpg'},https://elise.vn/dam-ren-hoa-trang-co-duc-dinh-no-nguc-ff2308187dilawh.html
55592,elise_55592,ff2306390bkwopu,CHÂN VÁY TWEED TÍM DẬP LY ĐÍNH CÚC,1.498.000 VND,,,,{'001_CHÂN VÁY TWEED TÍM DẬP LY ĐÍNH CÚC': 'https://elise.vn/media/catalog/product/cache/f677d7e3a5087b6a18a5b1f320b78594/f/f/ff2306390bkwopu1.jpg'},https://elise.vn/chan-vay-tweed-tim-dap-ly-dinh-cuc-ff2306390bkwopu.html
55587,elise_55587,ff2306389tlorpu,SM TƠ TÍM BẤU MÍ CHUN GẤU,1.198.000 VND,,,,{'001_SM TƠ TÍM BẤU MÍ CHUN GẤU': 'https://elise.vn/media/catalog/product/cache/f677d7e3a5087b6a18a5b1f320b78594/f/f/ff2306389tlorpu3.jpg'},https://elise.vn/sm-to-tim-bau-mi-chun-gau-ff2306389tlorpu.html
55582,elise_55582,ff2308054jlwobk,JUMPSUIT DÀI ĐEN PHỐI NGỰC REN LƯỚI NỔI,2.298.000 VND,,,,{'001_JUMPSUIT DÀI ĐEN PHỐI NGỰC REN LƯỚI NỔI': 'https://elise.vn/media/catalog/product/cache/f677d7e3a5087b6a18a5b1f320b78594/f/f/ff2308054jlwobk.jpg'},https://elise.vn/jumpsuit-dai-den-phoi-nguc-ren-luoi-noi-ff2308054jlwobk.html
55577,elise_55577,ff2306320dxwocr,ĐẦM KEM DÀI TAY NGỰC TƠ HT XOẮN,2.298.000 VND,,,,{'001_ĐẦM KEM DÀI TAY NGỰC TƠ HT XOẮN': 'https://elise.vn/media/catalog/product/cache/f677d7e3a5087b6a18a5b1f320b78594/f/f/ff2306320dxwocr3.jpg'},https://elise.vn/dam-kem-dai-tay-nguc-to-ht-xoan-ff2306320dxwocr.html
55572,elise_55572,ff2307053dmwowh,ĐẦM TRẮNG PHỐI REN NGỰC ĐÍNH NƠ CƯỜM,2.098.000 VND,,,,{'001_ĐẦM TRẮNG PHỐI REN NGỰC ĐÍNH NƠ CƯỜM': 'https://elise.vn/media/catalog/product/cache/f677d7e3a5087b6a18a5b1f320b78594/f/f/ff2307053dmwowh.jpg'},https://elise.vn/dam-trang-phoi-ren-nguc-dinh-no-cuom-ff2307053dmwowh.html
55567,elise_55567,ff2310123diwobk,ĐẦM CHIFFON ĐEN CỔ V NHÚN EO,2.098.000 VND,,,,{'001_ĐẦM CHIFFON ĐEN CỔ V NHÚN EO': 'https://elise.vn/media/catalog/product/cache/f677d7e3a5087b6a18a5b1f320b78594/f/f/ff2310123diwobk11.jpg'},https://elise.vn/dam-chiffon-den-co-v-nhun-eo-ff2310123diwobk.html
55562,elise_55562,ff2307367dilabk,ĐẦM THUN TĂM ĐEN CHÂN LƯỚI HOA NỔI,2.698.000 VND,,,,{'001_ĐẦM THUN TĂM ĐEN CHÂN LƯỚI HOA NỔI': 'https://elise.vn/media/catalog/product/cache/f677d7e3a5087b6a18a5b1f320b78594/f/f/ff2307367dilabk14.jpg'},https://elise.vn/dam-thun-tam-den-chan-luoi-hoa-noi-ff2307367dilabk.html
55557,elise_55557,ff2307085bkwobe,JUPE GẤM BE KT LOGO TÚI CHÉO,1.298.000 VND,,,,{'001_JUPE GẤM BE KT LOGO TÚI CHÉO': 'https://elise.vn/media/catalog/product/cache/f677d7e3a5087b6a18a5b1f320b78594/f/f/ff2307085bkwobe11.jpg'},https://elise.vn/jupe-gam-be-kt-logo-tui-cheo-ff2307085bkwobe.html
55552,elise_55552,ff2307084tuwobe,VEST GẤM BE KT LOGO NẮP TÚI,2.298.000 VND,,,,{'001_VEST GẤM BE KT LOGO NẮP TÚI': 'https://elise.vn/media/catalog/product/cache/f677d7e3a5087b6a18a5b1f320b78594/f/f/ff2307084tuwobe14.jpg'},https://elise.vn/vest-gam-be-kt-logo-nap-tui-ff2307084tuwobe.html
55547,elise_55547,ff2307078dxwopk,ĐẦM GẤM HỒNG LOGO KT CỔ BẺ NƠ SAU,2.698.000 VND,,,,{'001_ĐẦM GẤM HỒNG LOGO KT CỔ BẺ NƠ SAU': 'https://elise.vn/media/catalog/product/cache/f677d7e3a5087b6a18a5b1f320b78594/f/f/ff2307078dxwopk11.jpg'},https://elise.vn/dam-gam-hong-logo-kt-co-be-no-sau-ff2307078dxwopk.html
55542,elise_55542,ff2308107bklabk,CHÂN VÁY LƯỚI ĐEN DẬP LY,1.398.000 VND,,,,{'001_CHÂN VÁY LƯỚI ĐEN DẬP LY': 'https://elise.vn/media/catalog/product/cache/f677d7e3a5087b6a18a5b1f320b78594/f/f/ff2308107bklabk11.jpg'},https://elise.vn/chan-vay-luoi-den-dap-ly-ff2308107bklabk.html
55537,elise_55537,ff2311053tuwobk,VEST GẤM ĐEN VÂN SÓNG SÁT NÁCH,2.098.000 VND,,,,{'001_VEST GẤM ĐEN VÂN SÓNG SÁT NÁCH': 'https://elise.vn/media/catalog/product/cache/f677d7e3a5087b6a18a5b1f320b78594/f/f/ff2311053tuwobk13.jpg'},https://elise.vn/vest-gam-den-van-song-sat-nach-ff2311053tuwobk.html
55532,elise_55532,fw2309063dilebk,ĐẦM DA ĐEN SÁT NÁCH ĐÍNH HOA,2.698.000 VND,,,,{'001_ĐẦM DA ĐEN SÁT NÁCH ĐÍNH HOA': 'https://elise.vn/media/catalog/product/cache/f677d7e3a5087b6a18a5b1f320b78594/f/w/fw2309063dilebk11.jpg'},https://elise.vn/dam-da-den-sat-nach-dinh-hoa-fw2309063dilebk.html
55527,elise_55527,ff2308148diwobk,ĐẦM ĐEN XÒE VẠT CỔ ĐÍNH HOA,2.498.000 VND,,,,{'001_ĐẦM ĐEN XÒE VẠT CỔ ĐÍNH HOA': 'https://elise.vn/media/catalog/product/cache/f677d7e3a5087b6a18a5b1f320b78594/f/f/ff2308148diwobk11.jpg'},https://elise.vn/dam-den-xoe-vat-co-dinh-hoa-ff2308148diwobk.html
55522,elise_55522,fw2309174bkwopl,CHÂN VÁY GẤM XANH LOGO KT LY SÚP,1.698.000 VND,,,,{'001_CHÂN VÁY GẤM XANH LOGO KT LY SÚP': 'https://elise.vn/media/catalog/product/cache/f677d7e3a5087b6a18a5b1f320b78594/f/w/fw2309174bkwopl11.jpg'},https://elise.vn/chan-vay-gam-xanh-logo-kt-ly-sup-fw2309174bkwopl.html
55517,elise_55517,fw2309173tuwobl,VEST GẤM XANH LOGO KT ĐÍNH NƠ,2.298.000 VND,,,,{'001_VEST GẤM XANH LOGO KT ĐÍNH NƠ': 'https://elise.vn/media/catalog/product/cache/f677d7e3a5087b6a18a5b1f320b78594/f/w/fw2309173tuwobl11.jpg'},https://elise.vn/vest-gam-xanh-logo-kt-dinh-no-fw2309173tuwobl.html
55512,elise_55512,ff2309012diwobk,ĐẦM GẤM HOA ĐEN KT BẤU MÍ EO,2.498.000 VND,,,,{'001_ĐẦM GẤM HOA ĐEN KT BẤU MÍ EO': 'https://elise.vn/media/catalog/product/cache/f677d7e3a5087b6a18a5b1f320b78594/f/f/ff2309012diwobk11.jpg'},https://elise.vn/dam-gam-hoa-den-kt-bau-mi-eo-ff2309012diwobk.html
55507,elise_55507,ff2309011tuwobk,VEST LỬNG GẤM HOA ĐEN KIM TUYẾN,1.698.000 VND,,,,{'001_VEST LỬNG GẤM HOA ĐEN KIM TUYẾN': 'https://elise.vn/media/catalog/product/cache/f677d7e3a5087b6a18a5b1f320b78594/f/f/ff2309011tuwobk12.jpg'},https://elise.vn/vest-lung-gam-hoa-den-kim-tuyen-ff2309011tuwobk.html
55502,elise_55502,ff2308211diwobk,ĐẦM GẤM HOA ĐEN CỔ BẺ ĐÍNH NƠ EO,2.698.000 VND,,,,{'001_ĐẦM GẤM HOA ĐEN CỔ BẺ ĐÍNH NƠ EO': 'https://elise.vn/media/catalog/product/cache/f677d7e3a5087b6a18a5b1f320b78594/f/f/ff2308211diwobk11.jpg'},https://elise.vn/dam-gam-hoa-den-co-be-dinh-no-eo-ff2308211diwobk.html
55497,elise_55497,ff2309002dmwobk,ĐẦM GẤM ĐEN VÂN SÓNG TAY XẺ CHỒNG,2.298.000 VND,,,,{'001_ĐẦM GẤM ĐEN VÂN SÓNG TAY XẺ CHỒNG': 'https://elise.vn/media/catalog/product/cache/f677d7e3a5087b6a18a5b1f320b78594/f/f/ff2309002dmwobk12.jpg'},https://elise.vn/dam-gam-den-van-song-tay-xe-chong-ff2309002dmwobk.html
55492,elise_55492,ff2309074dmword,ĐẦM SUÔNG GẤM HOA ĐỎ KT THÊU HOA,2.698.000 VND,,,,{'001_ĐẦM SUÔNG GẤM HOA ĐỎ KT THÊU HOA': 'https://elise.vn/media/catalog/product/cache/f677d7e3a5087b6a18a5b1f320b78594/f/f/ff2309074dmword12.jpg'},https://elise.vn/dam-suong-gam-hoa-do-kt-theu-hoa-ff2309074dmword.html
55482,elise_55482,ff2310071diwocr,ĐẦM GẤM KEM KT LỆCH VAI ĐÍNH NƠ,3.498.000 VND,,,,{'001_ĐẦM GẤM KEM KT LỆCH VAI ĐÍNH NƠ': 'https://elise.vn/media/catalog/product/cache/f677d7e3a5087b6a18a5b1f320b78594/f/f/ff2310071diwocr14.jpg'},https://elise.vn/dam-gam-kem-kt-lech-vai-dinh-no-ff2310071diwocr.html
55477,elise_55477,ff2310143diword,ĐẦM GẤM HOA ĐỎ XẾP NHÚN CỔ,2.498.000 VND,,,,{'001_ĐẦM GẤM HOA ĐỎ XẾP NHÚN CỔ': 'https://elise.vn/media/catalog/product/cache/f677d7e3a5087b6a18a5b1f320b78594/f/f/ff2310143diword12.jpg'},https://elise.vn/dam-gam-hoa-do-xep-nhun-co-ff2310143diword.html
55472,elise_55472,ff2309073diwopb,ĐẦM 2 DÂY GẤM HOA ĐEN CÚP NGỰC,2.898.000 VND,,,,{'001_ĐẦM 2 DÂY GẤM HOA ĐEN CÚP NGỰC': 'https://elise.vn/media/catalog/product/cache/f677d7e3a5087b6a18a5b1f320b78594/f/f/ff2309073diwopb11.jpg'},https://elise.vn/dam-2-day-gam-hoa-den-cup-nguc-ff2309073diwopb.html
55467,elise_55467,ff2308058dilabk,ĐẦM LƯỚI SỢI ĐEN HOA HỒNG NỔI CỔ V SAU,2.998.000 VND,,,,{'001_ĐẦM LƯỚI SỢI ĐEN HOA HỒNG NỔI CỔ V SAU': 'https://elise.vn/media/catalog/product/cache/f677d7e3a5087b6a18a5b1f320b78594/f/f/ff2308058dilabk13.jpg'},https://elise.vn/dam-luoi-soi-den-hoa-hong-noi-co-v-sau-ff2308058dilabk.html
55462,elise_55462,ff2310120diword,ĐẦM GẤM VÂN SÓNG ĐỎ NƠ VAI,2.998.000 VND,,,,{'001_ĐẦM GẤM VÂN SÓNG ĐỎ NƠ VAI': 'https://elise.vn/media/catalog/product/cache/f677d7e3a5087b6a18a5b1f320b78594/f/f/ff2310120diword11.jpg'},https://elise.vn/dam-gam-van-song-do-no-vai-ff2310120diword.html
55287,elise_55287,ff2309040bkdebl,CHÂN VÁY JEANS ĐUÔI CÁ DIỄU CHỈ,1.198.000 VND,,,,{'001_CHÂN VÁY JEANS ĐUÔI CÁ DIỄU CHỈ': 'https://elise.vn/media/catalog/product/cache/f677d7e3a5087b6a18a5b1f320b78594/f/f/ff2309040bkdebl.jpg'},https://elise.vn/chan-vay-jeans-duoi-ca-dieu-chi-ff2309040bkdebl.html
55257,elise_55257,fs2305332bpdewh,QUẦN JEANS TRẮNG ỐNG LOE RUA GẤU,1.098.000 VND,,,,{'001_QUẦN JEANS TRẮNG ỐNG LOE RUA GẤU': 'https://elise.vn/media/catalog/product/cache/f677d7e3a5087b6a18a5b1f320b78594/f/s/fs2305332bpdewh3.jpg'},https://elise.vn/quan-jeans-trang-ong-loe-rua-gau-fs2305332bpdewh.html
55217,elise_55217,ff2309039bkdebl,CHÂN VÁY JEANS A THÊU HOA,1.098.000 VND,,,,{'001_CHÂN VÁY JEANS A THÊU HOA': 'https://elise.vn/media/catalog/product/cache/f677d7e3a5087b6a18a5b1f320b78594/f/f/ff2309039bkdebl4.jpg'},https://elise.vn/chan-vay-jeans-a-theu-hoa-ff2309039bkdebl.html
55207,elise_55207,ff2306144bpwogr,QUẦN SUÔNG XANH GHI GẤU LƠ VÊ,1.198.000 VND,,,,{'001_QUẦN SUÔNG XANH GHI GẤU LƠ VÊ': 'https://elise.vn/media/catalog/product/cache/f677d7e3a5087b6a18a5b1f320b78594/f/f/ff2306144bpwogr4.jpg'},https://elise.vn/quan-suong-xanh-ghi-gau-lo-ve-ff2306144bpwogr.html
55202,elise_55202,ff2305017tlwowh,SM THÔ TRẮNG DÀI TAY BUỘC NƠ CỔ,1.098.000 VND,,,,{'001_SM THÔ TRẮNG DÀI TAY BUỘC NƠ CỔ': 'https://elise.vn/media/catalog/product/cache/f677d7e3a5087b6a18a5b1f320b78594/f/f/ff2305017tlwowh1.jpg'},https://elise.vn/sm-tho-trang-dai-tay-buoc-no-co-ff2305017tlwowh.html
55197,elise_55197,ff2307221bpwowh,QUẦN SUÔNG TWEED TRẮNG NGÀ CẠP LIỀN,1.198.000 VND,,,,{'001_QUẦN SUÔNG TWEED TRẮNG NGÀ CẠP LIỀN': 'https://elise.vn/media/catalog/product/cache/f677d7e3a5087b6a18a5b1f320b78594/f/f/ff2307221bpwowh.jpg'},https://elise.vn/quan-suong-tweed-trang-nga-cap-lien-ff2307221bpwowh.html
54835,elise_54835,ff2307011tuwocr,VEST KEM BỔ CƠI TÚI,2.298.000 VND,,,,{'001_VEST KEM BỔ CƠI TÚI': 'https://elise.vn/media/catalog/product/cache/f677d7e3a5087b6a18a5b1f320b78594/f/f/ff2307011tuwocr10.jpg'},https://elise.vn/ff2307011tuwocr.html
54815,elise_54815,ff2306096bkwobe,JUPE TWEED BE CAN CHÉO,1.198.000 VND,,,,{'001_JUPE TWEED BE CAN CHÉO': 'https://elise.vn/media/catalog/product/cache/f677d7e3a5087b6a18a5b1f320b78594/f/f/ff2306096bkwobe10.jpg'},https://elise.vn/ff2306096bkwobe.html
54810,elise_54810,ff2306097tlwobe,SM TWEED BE CỔ ĐỨC TÚI NGỰC,1.298.000 VND,,,,{'001_SM TWEED BE CỔ ĐỨC TÚI NGỰC': 'https://elise.vn/media/catalog/product/cache/f677d7e3a5087b6a18a5b1f320b78594/f/f/ff2306097tlwobe12.jpg'},https://elise.vn/ff2306097tlwobe.html
54661,elise_54661,ff2306277bklapw,JUPE REN TRẮNG HT QUẢ TRÁM,1.198.000 VND,,,,{'001_JUPE REN TRẮNG HT QUẢ TRÁM': 'https://elise.vn/media/catalog/product/cache/f677d7e3a5087b6a18a5b1f320b78594/f/f/ff2306277bklapw.jpg'},https://elise.vn/ff2306277bklapw.html
54656,elise_54656,ff2307030tllapw,SM REN TRẮNG HT QUẢ TRÁM ĐÍNH HOA CỔ,1.298.000 VND,,,,{'001_SM REN TRẮNG HT QUẢ TRÁM ĐÍNH HOA CỔ': 'https://elise.vn/media/catalog/product/cache/f677d7e3a5087b6a18a5b1f320b78594/f/f/ff2307030tllapw.jpg'},https://elise.vn/ff2307030tllapw.html
54616,elise_54616,fw2305179tlorbk,SM TƠ ĐEN NƠ CỔ ĐÈ REN PK,1.198.000 VND,,,,{'001_SM TƠ ĐEN NƠ CỔ ĐÈ REN PK': 'https://elise.vn/media/catalog/product/cache/f677d7e3a5087b6a18a5b1f320b78594/f/w/fw2305179tlorbk.jpg'},https://elise.vn/fw2305179tlorbk.html
54566,elise_54566,ff2307139diwowh,ĐẦM XỐP TRẮNG KẺ Ô VUÔNG XẾP LY NGỰC,2.298.000 VND,,,,{'001_ĐẦM XỐP TRẮNG KẺ Ô VUÔNG XẾP LY NGỰC': 'https://elise.vn/media/catalog/product/cache/f677d7e3a5087b6a18a5b1f320b78594/f/f/ff2307139diwowh1.jpg'},https://elise.vn/ff2307139diwowh.html
54451,elise_54451,ff2307017bpwobr,QUẦN SUÔNG NÂU LY GIỮA TÚI CHÉO,1.198.000 VND,,,,{'001_QUẦN SUÔNG NÂU LY GIỮA TÚI CHÉO': 'https://elise.vn/media/catalog/product/cache/f677d7e3a5087b6a18a5b1f320b78594/f/f/ff2307017bpwobr3.jpg'},https://elise.vn/ff2307017bpwobr.html
53842,elise_53842,ff2307389bkwobe,JUPE BE VÂN XƯỚC ĐÍNH CÚC ĐAI CẠP,1.098.000 VND,,,,{'001_JUPE BE VÂN XƯỚC ĐÍNH CÚC ĐAI CẠP': 'https://elise.vn/media/catalog/product/cache/f677d7e3a5087b6a18a5b1f320b78594/f/f/ff2307389bkwobe2.jpg'},https://elise.vn/ff2307389bkwobe.html
53721,elise_53721,ff2306135bkwobr,JUPE KT NÂU VÀNG DẬP LY PHỦ TÀ,1.298.000 VND,,,,{'001_JUPE KT NÂU VÀNG DẬP LY PHỦ TÀ': 'https://elise.vn/media/catalog/product/cache/f677d7e3a5087b6a18a5b1f320b78594/f/f/ff2306135bkwobr1.jpg'},https://elise.vn/ff2306135bkwobr.html
53641,elise_53641,ff2306365bpwobk,QUẦN TWEED MỎNG ĐEN TÚI SAU,1.298.000 VND,,,,{'001_QUẦN TWEED MỎNG ĐEN TÚI SAU': 'https://elise.vn/media/catalog/product/cache/f677d7e3a5087b6a18a5b1f320b78594/f/f/ff2306365bpwobk.jpg'},https://elise.vn/ff2306365bpwobk.html
53636,elise_53636,ff2306142tlorbk,SM TƠ ĐEN DÂY CỔ,1.198.000 VND,,,,{'001_SM TƠ ĐEN DÂY CỔ': 'https://elise.vn/media/catalog/product/cache/f677d7e3a5087b6a18a5b1f320b78594/f/f/ff2306142tlorbk2.jpg'},https://elise.vn/ff2306142tlorbk.html
53571,elise_53571,fs2305140tnlawh,ÁO CÚP NGỰC REN CHỈ TRẮNG,998.000 VND,,,,{'001_ÁO CÚP NGỰC REN CHỈ TRẮNG': 'https://elise.vn/media/catalog/product/cache/f677d7e3a5087b6a18a5b1f320b78594/f/s/fs2305140tnlawh1.jpg'},https://elise.vn/fs2305140tnlawh.html
53491,elise_53491,ff2307240bkdewh,CV JEANS TRẮNG RUA GẤU,1.098.000 VND,,,,{'001_CV JEANS TRẮNG RUA GẤU': 'https://elise.vn/media/catalog/product/cache/f677d7e3a5087b6a18a5b1f320b78594/f/f/ff2307240bkdewh2.jpg'},https://elise.vn/ff2307240bkdewh.html
53461,elise_53461,ff2305220bkdebl,CHÂN VÁY JEANS XANH XẺ TRƯỚC,1.198.000 VND,,,,{'001_CHÂN VÁY JEANS XANH XẺ TRƯỚC': 'https://elise.vn/media/catalog/product/cache/f677d7e3a5087b6a18a5b1f320b78594/f/f/ff2305220bkdebl3.jpg'},https://elise.vn/ff2305220bkdebl.html
53451,elise_53451,ff2305219tldebl,ÁO JEANS XANH ĐAI GẤU,1.698.000 VND,,,,{'001_ÁO JEANS XANH ĐAI GẤU': 'https://elise.vn/media/catalog/product/cache/f677d7e3a5087b6a18a5b1f320b78594/f/f/ff2305219tldebl2.jpg'},https://elise.vn/ff2305219tldebl.html
53441,elise_53441,ff2307239bpdewh,QUẦN JEANS TRẮNG ỐNG SUÔNG,1.098.000 VND,,,,{'001_QUẦN JEANS TRẮNG ỐNG SUÔNG': 'https://elise.vn/media/catalog/product/cache/f677d7e3a5087b6a18a5b1f320b78594/f/f/ff2307239bpdewh20.jpg'},https://elise.vn/ff2307239bpdewh.html
53431,elise_53431,ff2307254bkdebl,CV JEANS XANH TÚI ỐP,998.000 VND,,,,{'001_CV JEANS XANH TÚI ỐP': 'https://elise.vn/media/catalog/product/cache/f677d7e3a5087b6a18a5b1f320b78594/f/f/ff2307254bkdebl.jpg'},https://elise.vn/ff2307254bkdebl.html
53426,elise_53426,fw2307238bpdebk,QUẦN JEANS SKINNY ĐEN,998.000 VND,,,,{'001_QUẦN JEANS SKINNY ĐEN': 'https://elise.vn/media/catalog/product/cache/f677d7e3a5087b6a18a5b1f320b78594/f/w/fw2307238bpdebk2.jpg'},https://elise.vn/fw2307238bpdebk.html
53421,elise_53421,ff2306343bpdebl,QUẦN JEANS XANH ỐNG LOE XẺ GẤU,1.098.000 VND,,,,{'001_QUẦN JEANS XANH ỐNG LOE XẺ GẤU': 'https://elise.vn/media/catalog/product/cache/f677d7e3a5087b6a18a5b1f320b78594/f/f/ff2306343bpdebl.jpg'},https://elise.vn/ff2306343bpdebl.html
53416,elise_53416,ff2306342bpdebk,QUẦN JEANS ĐEN CẠP XẾP BÈO,1.098.000 VND,,,,{'001_QUẦN JEANS ĐEN CẠP XẾP BÈO': 'https://elise.vn/media/catalog/product/cache/f677d7e3a5087b6a18a5b1f320b78594/f/f/ff2306342bpdebk.jpg'},https://elise.vn/ff2306342bpdebk.html
53411,elise_53411,ff2307012bpwocr,QUẦN SUÔNG KEM CẠP LIỀN KÈM ĐAI,1.398.000 VND,,,,{'001_QUẦN SUÔNG KEM CẠP LIỀN KÈM ĐAI': 'https://elise.vn/media/catalog/product/cache/f677d7e3a5087b6a18a5b1f320b78594/f/f/ff2307012bpwocr1.jpg'},https://elise.vn/ff2307012bpwocr.html
53361,elise_53361,fs2302054tnwobk,SM CHIFFON ĐEN CHẠY BÈO VAI,1.098.000 VND,,,,{'001_SM CHIFFON ĐEN CHẠY BÈO VAI': 'https://elise.vn/media/catalog/product/cache/f677d7e3a5087b6a18a5b1f320b78594/f/s/fs2302054tnwobk.jpg'},https://elise.vn/fs2302054tnwobk.html
53176,elise_53176,fs2305244tswocr,SM SẠN TRẮNG KEM CỔ ĐỨC,1.198.000 VND,,,,{'001_SM SẠN TRẮNG KEM CỔ ĐỨC': 'https://elise.vn/media/catalog/product/cache/f677d7e3a5087b6a18a5b1f320b78594/f/s/fs2305244tswocr3.jpg'},https://elise.vn/fs2305244tswocr.html
52946,elise_52946,ff2306088bkwocr,CV KEM DẬP LY ĐÍNH THANH LOGO,1.498.000 VND,,,,{'001_CV KEM DẬP LY ĐÍNH THANH LOGO': 'https://elise.vn/media/catalog/product/cache/f677d7e3a5087b6a18a5b1f320b78594/f/f/ff2306088bkwocr1.jpg'},https://elise.vn/ff2306088bkwocr.html
52846,elise_52846,fs2305105bswobl,QUẦN SOOC XANH PHỦ VẠT ĐÍNH CÚC,1.098.000 VND,,,,{'001_QUẦN SOOC XANH PHỦ VẠT ĐÍNH CÚC': 'https://elise.vn/media/catalog/product/cache/f677d7e3a5087b6a18a5b1f320b78594/f/s/fs2305105bswobl1.jpg'},https://elise.vn/fs2305105bswobl.html
52836,elise_52836,fs2303221tswowh,SM THÔ TRẮNG XẾP DẬP LY NGỰC,1.098.000 VND,,,,{'001_SM THÔ TRẮNG XẾP DẬP LY NGỰC': 'https://elise.vn/media/catalog/product/cache/f677d7e3a5087b6a18a5b1f320b78594/f/s/fs2303221tswowh3.jpg'},https://elise.vn/fs2303221tswowh.html
52831,elise_52831,ff2305065bpwowh,QUẦN TAFTA TRẮNG CẠP CHÉO ĐÍNH CÚC,1.198.000 VND,,,,{'001_QUẦN TAFTA TRẮNG CẠP CHÉO ĐÍNH CÚC': 'https://elise.vn/media/catalog/product/cache/f677d7e3a5087b6a18a5b1f320b78594/f/f/ff2305065bpwowh.jpg'},https://elise.vn/ff2305065bpwowh.html
52826,elise_52826,fs2304030bpwobl,QUẦN SUÔNG DẠ MỎNG XANH DA TRỜI,1.298.000 VND,,,,{'001_QUẦN SUÔNG DẠ MỎNG XANH DA TRỜI': 'https://elise.vn/media/catalog/product/cache/f677d7e3a5087b6a18a5b1f320b78594/f/s/fs2304030bpwobl.jpg'},https://elise.vn/fs2304030bpwobl.html
52811,elise_52811,fs2303278bkwobr,JUPE NÂU DẬP LY PHỦ VẠT,1.098.000 VND,,,,{'001_JUPE NÂU DẬP LY PHỦ VẠT': 'https://elise.vn/media/catalog/product/cache/f677d7e3a5087b6a18a5b1f320b78594/f/s/fs2303278bkwobr1_1.jpg'},https://elise.vn/fs2303278bkwobr.html
52806,elise_52806,fs2304112tsorwh,SM TƠ TRẮNG PHỐI THÔ KẸP LÚA PK,1.098.000 VND,,,,{'001_SM TƠ TRẮNG PHỐI THÔ KẸP LÚA PK': 'https://elise.vn/media/catalog/product/cache/f677d7e3a5087b6a18a5b1f320b78594/f/s/fs2304112tsorwh1.jpg'},https://elise.vn/fs2304112tsorwh.html
52661,elise_52661,fs2303165bpwobl,QUẦN SUÔNG XANH GHI XẾP LY,1.298.000 VND,,,,{'001_QUẦN SUÔNG XANH GHI XẾP LY': 'https://elise.vn/media/catalog/product/cache/f677d7e3a5087b6a18a5b1f320b78594/f/s/fs2303165bpwobl1.jpg'},https://elise.vn/fs2303165bpwobl.html
52586,elise_52586,fs2305194bpwowh,QUẦN BAGGY TWEED MỎNG TRẮNG LY GIỮA,1.198.000 VND,,,,{'001_QUẦN BAGGY TWEED MỎNG TRẮNG LY GIỮA': 'https://elise.vn/media/catalog/product/cache/f677d7e3a5087b6a18a5b1f320b78594/f/s/fs2305194bpwowh.jpg'},https://elise.vn/fs2305194bpwowh.html
52541,elise_52541,ff2306205bkdewh,CHÂN VÁY JEANS TRẮNG XẺ TRƯỚC,1.198.000 VND,,,,{'001_CHÂN VÁY JEANS TRẮNG XẺ TRƯỚC': 'https://elise.vn/media/catalog/product/cache/f677d7e3a5087b6a18a5b1f320b78594/f/f/ff2306205bkdewh.jpg'},https://elise.vn/ff2306205bkdewh.html
52536,elise_52536,ff2306344bkdewh,CV JEANS TRẮNG XẺ SAU,1.098.000 VND,,,,{'001_CV JEANS TRẮNG XẺ SAU': 'https://elise.vn/media/catalog/product/cache/f677d7e3a5087b6a18a5b1f320b78594/f/f/ff2306344bkdewh.jpg'},https://elise.vn/ff2306344bkdewh.html
52511,elise_52511,ff2306084bkdebl,JUPE JEANS XANH THÊU HOA,1.198.000 VND,,,,{'001_JUPE JEANS XANH THÊU HOA': 'https://elise.vn/media/catalog/product/cache/f677d7e3a5087b6a18a5b1f320b78594/f/f/ff2306084bkdebl1.jpg'},https://elise.vn/ff2306084bkdebl.html
52506,elise_52506,ff2306085bkdebl,JUPE JEANS XANH KẺ Ô QUẢ TRÁM,1.098.000 VND,,,,{'001_JUPE JEANS XANH KẺ Ô QUẢ TRÁM': 'https://elise.vn/media/catalog/product/cache/f677d7e3a5087b6a18a5b1f320b78594/f/f/ff2306085bkdebl1_2.jpg'},https://elise.vn/ff2306085bkdebl.html
52496,elise_52496,ff2306345bkdebl,CV JEANS XANH RUA CẠP,1.098.000 VND,,,,{'001_CV JEANS XANH RUA CẠP': 'https://elise.vn/media/catalog/product/cache/f677d7e3a5087b6a18a5b1f320b78594/f/f/ff2306345bkdebl1_2.jpg'},https://elise.vn/ff2306345bkdebl.html
52486,elise_52486,fs2306034bpdebl,QUẦN JEANS XANH ỐNG ĐỨNG,1.098.000 VND,,,,{'001_QUẦN JEANS XANH ỐNG ĐỨNG': 'https://elise.vn/media/catalog/product/cache/f677d7e3a5087b6a18a5b1f320b78594/f/s/fs2306034bpdebl3.jpg'},https://elise.vn/fs2306034bpdebl.html
52481,elise_52481,fs2306036bpdebl,QUẦN JEANS XANH ỐNG LOE,1.198.000 VND,,,,{'001_QUẦN JEANS XANH ỐNG LOE': 'https://elise.vn/media/catalog/product/cache/f677d7e3a5087b6a18a5b1f320b78594/f/s/fs2306036bpdebl2.jpg'},https://elise.vn/fs2306036bpdebl.html
52466,elise_52466,fw2306366bpdebl,QUẦN JEANS XANH ỐNG LOE GẤU TO,1.198.000 VND,,,,{'001_QUẦN JEANS XANH ỐNG LOE GẤU TO': 'https://elise.vn/media/catalog/product/cache/f677d7e3a5087b6a18a5b1f320b78594/f/w/fw2306366bpdebl1.jpg'},https://elise.vn/fw2306366bpdebl.html
52356,elise_52356,fs2303250bkwocr,JUPE KEM XẾP LY,1.298.000 VND,,,,{'001_JUPE KEM XẾP LY': 'https://elise.vn/media/catalog/product/cache/f677d7e3a5087b6a18a5b1f320b78594/f/s/fs2303250bkwocr.jpg'},https://elise.vn/fs2303250bkwocr.html
52331,elise_52331,fs2305028tswowh,SM CÁT NHĂN TRẮNG BẤU MÍ PHỐI REN PK,1.198.000 VND,,,,{'001_SM CÁT NHĂN TRẮNG BẤU MÍ PHỐI REN PK': 'https://elise.vn/media/catalog/product/cache/f677d7e3a5087b6a18a5b1f320b78594/f/s/fs2305028tswowh3.jpg'},https://elise.vn/fs2305028tswowh.html
52286,elise_52286,fs2306050bkwobd,JUPE BÚT CHÌ ĐỎ ĐÔ CẠP HOA,1.198.000 VND,,,,{'001_JUPE BÚT CHÌ ĐỎ ĐÔ CẠP HOA': 'https://elise.vn/media/catalog/product/cache/f677d7e3a5087b6a18a5b1f320b78594/f/s/fs2306050bkwobd1.jpg'},https://elise.vn/fs2306050bkwobd.html
52170,elise_52170,fs2305113diwoge,ĐẦM TWEED MỎNG XANH LÁ TÚI ỐP,2.198.000 VND,,,,{'001_ĐẦM TWEED MỎNG XANH LÁ TÚI ỐP': 'https://elise.vn/media/catalog/product/cache/f677d7e3a5087b6a18a5b1f320b78594/f/s/fs2305113diwoge4.jpg'},https://elise.vn/fs2305113diwoge.html
